[
    {
        "type": "message",
        "user": "U0K0Q03HP",
        "text": "<@U0K46FWHH> I love what you've done so far and the initiative you took, but I wonder if it would be possible for us to modify it so we can not only keep track of the time spent but also what the time was spent accomplishing.",
        "ts": "1454095391.000002"
    },
    {
        "type": "message",
        "user": "U0K0Q03HP",
        "text": "I'm assuming that your post prior to the spreadsheet post are some ideas for additional functionality. Could you expound upon them a bit? I'm not entirely sure what you're proposing in the second one.",
        "ts": "1454095851.000003"
    },
    {
        "type": "message",
        "user": "U0K0Q03HP",
        "text": "For the record, since we spoke about this in person, my additional functionality will be Unicode 8.0 \/ Multilingual support. This will allow for the application to support extended character sets for the use in translations, and also support for right-to-left languages; this will require some consideration when we design the UI.",
        "ts": "1454095997.000004"
    },
    {
        "type": "message",
        "user": "U0K3ZFVBL",
        "text": "here are some functions i came up that might necessary for this project. We can evaluate all the functionality plan and pick some of those which are indispensable and executable for this project.",
        "ts": "1454111215.000002"
    },
    {
        "type": "message",
        "user": "U0K46FWHH",
        "text": "To clarify what I mean by my second idea is that ice cream trucks sell different kinds of ice cream. Using the inventory data, we can determine preferences for a specific city\/route.",
        "ts": "1454111503.000003"
    },
    {
        "type": "message",
        "user": "U0K3ZFVBL",
        "text": "1. You can check the total sales amount of each type of ice cream in a period of time( week, month,quarter) and also you can find which truck is the best seller for every kind of ice cream in a specific period",
        "ts": "1454111562.000004"
    },
    {
        "type": "message",
        "user": "U0K3ZFVBL",
        "text": "2. we can have a vote option for people voting which favor or kind of ice cream they would like to eat from a list of ice creams that we don't have in our inventory. That help us to make a right decision on what kind of ice cream we need buy from our supplier.",
        "ts": "1454112033.000005"
    },
    {
        "type": "message",
        "user": "U0K0Q03HP",
        "text": "<@U0K46FWHH> Ah okay, it seems like that could ready include an option to increase the stock of an ice cream that regularly sells out, very cool.",
        "ts": "1454112456.000006"
    },
    {
        "type": "message",
        "user": "U0K0Q03HP",
        "text": "<@U0K3ZFVBL> I like the voting idea, but we may need to run that by Steiner to see if we could do it because it'd require data from the truck drivers and he's providing the data from the drivers.",
        "ts": "1454112621.000007"
    },
    {
        "type": "message",
        "user": "U0KF2HSHZ",
        "text": "The first functionality point that comes to my mind is accounting for fuel. We could monitor the distance each route is and calculate gas cost for each route. Each car and driver could have varying gas consumption. Fuel could also be an inventory item that is refilled every day for each truck.",
        "ts": "1454115837.000008"
    },
    {
        "user": "U0KR98MLH",
        "type": "message",
        "subtype": "channel_join",
        "text": "<@U0KR98MLH|camillwi> has joined the channel",
        "ts": "1454121185.000012"
    }
]