[
    {
        "type": "message",
        "subtype": "file_share",
        "text": "<@U0K0Q03HP|marc> shared a file: <https:\/\/cosmosys.slack.com\/files\/marc\/F0N980L3C\/SPMP_Changes_2016-2-19|SPMP Changes 2016-2-19>",
        "file": {
            "id": "F0N980L3C",
            "created": 1455941421,
            "timestamp": 1455946377,
            "name": "SPMP_Changes_2016-2-19",
            "title": "SPMP Changes 2016-2-19",
            "mimetype": "text\/plain",
            "filetype": "space",
            "pretty_type": "Post",
            "user": "U0K0Q03HP",
            "editable": true,
            "size": 4098,
            "mode": "space",
            "is_external": false,
            "external_type": "",
            "is_public": true,
            "public_url_shared": false,
            "display_as_bot": false,
            "username": "",
            "url_private": "https:\/\/files.slack.com\/files-pri\/T0K0Q9FS6-F0N980L3C\/SPMP_Changes_2016-2-19?t=xoxe-19024321890-29726819925-29737085618-34de710835",
            "url_private_download": "https:\/\/files.slack.com\/files-pri\/T0K0Q9FS6-F0N980L3C\/download\/SPMP_Changes_2016-2-19?t=xoxe-19024321890-29726819925-29737085618-34de710835",
            "permalink": "https:\/\/cosmosys.slack.com\/files\/marc\/F0N980L3C\/SPMP_Changes_2016-2-19",
            "permalink_public": "https:\/\/slack-files.com\/T0K0Q9FS6-F0N980L3C-82c73fa49e",
            "preview": "<document><h3>6.1.1 Document Quality Assurance and Control<\/h3><p>When a document has reached a point where it is being considered for use as a baseline, all stakeholders will review it. Reviews and signoffs will occur separately to prevent the need to re-sign the document if a stakeholder in the chain finds something that needs to be revised. After the document has been reviewed by all stakeholders, the team lead will convert that document to a PDF and create form fields on the last page of the document (the Review and Signoff page) and then start a signature chain where the PDF will be sent to each stakeholder for the document. When the stakeholder receives the PDF they will perform a quick re-review of the document and if they still agree to it they will use Adobe Acrobat&#39;s signature feature to sign next to their name on the signoff page. They will then send it to the next stakeholder in the chain. The chain will begin with the project manager, who will then send the signed document to the next person in the chain that is not the team lead. Members will continue to send the PDF to the next person in the chain until the last member is reached. After the last member signs off, they will send it to the team lead who will perform a final signoff and add the document to the <i>Ice Cream Manager&gt;Documents&gt;Baseline Documents<\/i> directory in the Master branch on GitHub. The document will be sent to stakeholders during the signature chain using Slack&#39;s direct messaging feature.<\/p><h3>6.2.1 Document Change Management and Control<\/h3><p>Unlike the source code change control, all document creation and revision will occur in the <i>Master<\/i> branch on GitHub. Documents will be created in Microsoft Word using an appropriate project document template stored on GitHub in the <i>Master<\/i> branch in the <i>Ice Cream Manager&gt;Documentation&gt;Document Templates<\/i> directory. When editing a document created from one of the templates, only <b>bold<\/b> and <i>italic<\/i> formatting should be used when appropriate; any other formatting needs should be assigned using <i>Styles<\/i> that exist within the template. This will ensure conformity among all the project documents. When creating a document, the primary author will use a template to create the document in the <i>Ice Cream Manager&gt;Documentation&gt;Working Documents<\/i> directory. The file should have a meaningful name and contain no revision information (e.g. <i>Use Case - Modify Application Settings.docx<\/i>). After making worthwhile additions to the document, it will be synced with the <i>Master<\/i> branch on GitHub. Because GitHub cannot merge divergent changes to Microsoft Word documents, and does not allow checkouts, the originator of the document will be responsible for tracking whether another member is working on the document. If a non-originating member wants to revise a document, they will contact the originator to notify them that the document is being revised and should not be revised by anyone else until the changes are merged with the <i>Master<\/i> branch on GitHub.<\/p><h3>6.2.1.1 Document Version Numbers<\/h3><\/document>",
            "updated": 1455946377,
            "editor": "U0K0Q03HP",
            "last_editor": "U0K0Q03HP",
            "state": "locked",
            "channels": [
                "C0K51B16Y"
            ],
            "groups": [
    
            ],
            "ims": [
    
            ],
            "comments_count": 1
        },
        "user": "U0K0Q03HP",
        "upload": false,
        "display_as_bot": false,
        "username": "<@U0K0Q03HP|marc>",
        "bot_id": null,
        "ts": "1455946222.000002"
    },
    {
        "type": "message",
        "subtype": "file_comment",
        "text": "<@U0K0Q03HP|marc> commented on <@U0K0Q03HP|marc>'s file <https:\/\/cosmosys.slack.com\/files\/marc\/F0N980L3C\/SPMP_Changes_2016-2-19|SPMP Changes 2016-2-19>: <!channel> Hi Camille, we were told that from this point forward that you are solely responsible to maintaining the SPMP. We'll be providing proposed revisions for you to make to the SPMP via this channel. Here are the first round of proposed changes. Everyone should make sure to read this to be familiar with it. Although most of it was decided during our last meeting, this is a formal declaration of our methods and intent.",
        "file": {
            "id": "F0N980L3C",
            "created": 1455941421,
            "timestamp": 1455946377,
            "name": "SPMP_Changes_2016-2-19",
            "title": "SPMP Changes 2016-2-19",
            "mimetype": "text\/plain",
            "filetype": "space",
            "pretty_type": "Post",
            "user": "U0K0Q03HP",
            "editable": true,
            "size": 4098,
            "mode": "space",
            "is_external": false,
            "external_type": "",
            "is_public": true,
            "public_url_shared": false,
            "display_as_bot": false,
            "username": "",
            "url_private": "https:\/\/files.slack.com\/files-pri\/T0K0Q9FS6-F0N980L3C\/SPMP_Changes_2016-2-19?t=xoxe-19024321890-29726819925-29737085618-34de710835",
            "url_private_download": "https:\/\/files.slack.com\/files-pri\/T0K0Q9FS6-F0N980L3C\/download\/SPMP_Changes_2016-2-19?t=xoxe-19024321890-29726819925-29737085618-34de710835",
            "permalink": "https:\/\/cosmosys.slack.com\/files\/marc\/F0N980L3C\/SPMP_Changes_2016-2-19",
            "permalink_public": "https:\/\/slack-files.com\/T0K0Q9FS6-F0N980L3C-82c73fa49e",
            "preview": "<document><h3>6.1.1 Document Quality Assurance and Control<\/h3><p>When a document has reached a point where it is being considered for use as a baseline, all stakeholders will review it. Reviews and signoffs will occur separately to prevent the need to re-sign the document if a stakeholder in the chain finds something that needs to be revised. After the document has been reviewed by all stakeholders, the team lead will convert that document to a PDF and create form fields on the last page of the document (the Review and Signoff page) and then start a signature chain where the PDF will be sent to each stakeholder for the document. When the stakeholder receives the PDF they will perform a quick re-review of the document and if they still agree to it they will use Adobe Acrobat&#39;s signature feature to sign next to their name on the signoff page. They will then send it to the next stakeholder in the chain. The chain will begin with the project manager, who will then send the signed document to the next person in the chain that is not the team lead. Members will continue to send the PDF to the next person in the chain until the last member is reached. After the last member signs off, they will send it to the team lead who will perform a final signoff and add the document to the <i>Ice Cream Manager&gt;Documents&gt;Baseline Documents<\/i> directory in the Master branch on GitHub. The document will be sent to stakeholders during the signature chain using Slack&#39;s direct messaging feature.<\/p><h3>6.2.1 Document Change Management and Control<\/h3><p>Unlike the source code change control, all document creation and revision will occur in the <i>Master<\/i> branch on GitHub. Documents will be created in Microsoft Word using an appropriate project document template stored on GitHub in the <i>Master<\/i> branch in the <i>Ice Cream Manager&gt;Documentation&gt;Document Templates<\/i> directory. When editing a document created from one of the templates, only <b>bold<\/b> and <i>italic<\/i> formatting should be used when appropriate; any other formatting needs should be assigned using <i>Styles<\/i> that exist within the template. This will ensure conformity among all the project documents. When creating a document, the primary author will use a template to create the document in the <i>Ice Cream Manager&gt;Documentation&gt;Working Documents<\/i> directory. The file should have a meaningful name and contain no revision information (e.g. <i>Use Case - Modify Application Settings.docx<\/i>). After making worthwhile additions to the document, it will be synced with the <i>Master<\/i> branch on GitHub. Because GitHub cannot merge divergent changes to Microsoft Word documents, and does not allow checkouts, the originator of the document will be responsible for tracking whether another member is working on the document. If a non-originating member wants to revise a document, they will contact the originator to notify them that the document is being revised and should not be revised by anyone else until the changes are merged with the <i>Master<\/i> branch on GitHub.<\/p><h3>6.2.1.1 Document Version Numbers<\/h3><\/document>",
            "updated": 1455946377,
            "editor": "U0K0Q03HP",
            "last_editor": "U0K0Q03HP",
            "state": "locked",
            "channels": [
                "C0K51B16Y"
            ],
            "groups": [
    
            ],
            "ims": [
    
            ],
            "comments_count": 1
        },
        "comment": {
            "id": "Fc0N9A7ZL7",
            "created": 1455946222,
            "timestamp": 1455946222,
            "user": "U0K0Q03HP",
            "comment": "<!channel> Hi Camille, we were told that from this point forward that you are solely responsible to maintaining the SPMP. We'll be providing proposed revisions for you to make to the SPMP via this channel. Here are the first round of proposed changes. Everyone should make sure to read this to be familiar with it. Although most of it was decided during our last meeting, this is a formal declaration of our methods and intent."
        },
        "ts": "1455946223.000003"
    }
]