[
    {
        "type": "message",
        "user": "U0K0Q03HP",
        "text": "<!channel> After our first round of document management through Git, the question is should we keep doing it that way? We could always use OneDrive to make it more like we were using Google Docs (realtime collaboration, versioning).",
        "ts": "1457374790.000002"
    },
    {
        "type": "message",
        "user": "U0K6VU7HC",
        "text": "I think a lot of the versioning was done off of Git, so I mean I'm up for giving OneDrive a chance ",
        "ts": "1457374913.000003"
    },
    {
        "type": "message",
        "user": "U0K0Q03HP",
        "text": "Git won't keep track of what changes were made to a binary file (Word doc), only that changes were made.",
        "ts": "1457374949.000004"
    },
    {
        "type": "message",
        "user": "U0K0Q03HP",
        "text": "I imagine most of us already have a MS account anyway",
        "ts": "1457374982.000005"
    },
    {
        "type": "message",
        "user": "U0K6VU7HC",
        "text": "Question..with OneDrive wouldbee be able to keep all the formatting in MS word",
        "ts": "1457375008.000006"
    },
    {
        "type": "message",
        "user": "U0K6VU7HC",
        "text": "Would we*",
        "ts": "1457375014.000007"
    },
    {
        "type": "message",
        "user": "U0KF2HSHZ",
        "text": "I was worried that I might overwrite someones  changes  on the requirement specification",
        "ts": "1457375018.000008"
    },
    {
        "type": "message",
        "user": "U0K0Q03HP",
        "text": "Precisely Jacob",
        "ts": "1457375031.000009"
    },
    {
        "type": "message",
        "user": "U0K0Q03HP",
        "text": "OneDrive will let you edit through your browser or through Office proper",
        "ts": "1457375048.000010"
    },
    {
        "type": "message",
        "user": "U0K0Q03HP",
        "text": "So yes Aly, it will keep all the formatting, although if you edit it through your browser it won't show the correct font, but it will still keep that font inside Word.",
        "ts": "1457375139.000011"
    },
    {
        "type": "message",
        "user": "U0K6VU7HC",
        "text": "So then what about just keeping the baselined documents in Git but for working one drive ",
        "ts": "1457375209.000012"
    },
    {
        "type": "message",
        "user": "U0K0Q03HP",
        "text": "I think that sounds like a better way of doing it",
        "ts": "1457375235.000013"
    },
    {
        "type": "message",
        "user": "U0K6VU7HC",
        "text": "I think I like that method better too",
        "ts": "1457375255.000014"
    },
    {
        "type": "message",
        "user": "U0K0Q03HP",
        "text": "I'm sending invites to everyone's school email but you can use whatever MS account you want to.",
        "ts": "1457375437.000015"
    },
    {
        "type": "message",
        "user": "U0K0Q03HP",
        "text": "Fan seemed to be added immediately, perhaps it would be better to send to invites to whichever email you used for your MS account.",
        "ts": "1457376055.000016"
    }
]