[
    {
        "type": "message",
        "user": "U0K0Q03HP",
        "text": "Requirements gathering and UML modeling are our next steps after the presentation. Towards that end I create a private repository on GitHub to sync our UML models within VisualStudio. Because the repository is private I'll need everyone's GitHub usernames to give you guys access.",
        "ts": "1454861232.000002"
    },
    {
        "type": "message",
        "user": "U0K0Q03HP",
        "text": "For those of you that aren't that familiar with GitHub, I suggest a quick read of <https:\/\/guides.github.com\/introduction\/flow\/> to get a general sense of how it works.",
        "ts": "1454861294.000003"
    },
    {
        "type": "message",
        "user": "U0K0Q03HP",
        "text": "If any of you don't have  a GitHub account, I'd recommend signing up with your umich email so you can easily signup and partake in their GitHub for Education plan (the only way to get private repositories without paying).",
        "ts": "1454861644.000004"
    },
    {
        "type": "message",
        "subtype": "file_share",
        "text": "<@U0K0Q03HP|marc> shared a file: <https:\/\/cosmosys.slack.com\/files\/marc\/F0LH5BYCW\/functionaldecomposition|Functional Decomposition>",
        "file": {
            "id": "F0LH5BYCW",
            "created": 1454907452,
            "timestamp": 1454907452,
            "name": "FunctionalDecomposition",
            "title": "Functional Decomposition",
            "mimetype": "application\/vnd.google-apps.document",
            "filetype": "gdoc",
            "pretty_type": "GDocs Document",
            "user": "U0K0Q03HP",
            "editable": false,
            "size": 964,
            "mode": "external",
            "is_external": true,
            "external_type": "gdrive",
            "is_public": true,
            "public_url_shared": false,
            "display_as_bot": false,
            "username": "",
            "url_private": "https:\/\/docs.google.com\/a\/umich.edu\/document\/d\/1A2eHM3qOozD3YbxmgzkL1jUXQx2aBifONxre9QcE3P4\/edit?usp=drivesdk",
            "thumb_64": "https:\/\/a.slack-edge.com\/66f9\/img\/files\/gdraw_64.png",
            "thumb_360": "https:\/\/a.slack-edge.com\/272a\/img\/files\/gdoc_360.png",
            "thumb_360_w": 360,
            "thumb_360_h": 167,
            "permalink": "https:\/\/cosmosys.slack.com\/files\/marc\/F0LH5BYCW\/functionaldecomposition",
            "channels": [
                "C0K51B16Y"
            ],
            "groups": [
    
            ],
            "ims": [
    
            ],
            "comments_count": 0,
            "pinned_to": [
                "C0K51B16Y"
            ]
        },
        "user": "U0K0Q03HP",
        "upload": false,
        "display_as_bot": false,
        "username": "<@U0K0Q03HP|marc>",
        "bot_id": null,
        "ts": "1454907452.000006"
    },
    {
        "type": "message",
        "subtype": "pinned_item",
        "user": "U0K0Q03HP",
        "item_type": "F",
        "text": "<@U0K0Q03HP|marc> pinned their GDocs Document <https:\/\/cosmosys.slack.com\/files\/marc\/F0LH5BYCW\/functionaldecomposition|Functional Decomposition> to this channel.",
        "item": {
            "id": "F0LH5BYCW",
            "created": 1454907452,
            "timestamp": 1454907452,
            "name": "FunctionalDecomposition",
            "title": "Functional Decomposition",
            "mimetype": "application\/vnd.google-apps.document",
            "filetype": "gdoc",
            "pretty_type": "GDocs Document",
            "user": "U0K0Q03HP",
            "editable": false,
            "size": 964,
            "mode": "external",
            "is_external": true,
            "external_type": "gdrive",
            "is_public": true,
            "public_url_shared": false,
            "display_as_bot": false,
            "username": "",
            "url_private": "https:\/\/docs.google.com\/a\/umich.edu\/document\/d\/1A2eHM3qOozD3YbxmgzkL1jUXQx2aBifONxre9QcE3P4\/edit?usp=drivesdk",
            "thumb_64": "https:\/\/a.slack-edge.com\/66f9\/img\/files\/gdraw_64.png",
            "thumb_360": "https:\/\/a.slack-edge.com\/272a\/img\/files\/gdoc_360.png",
            "thumb_360_w": 360,
            "thumb_360_h": 167,
            "permalink": "https:\/\/cosmosys.slack.com\/files\/marc\/F0LH5BYCW\/functionaldecomposition",
            "channels": [
                "C0K51B16Y"
            ],
            "groups": [
    
            ],
            "ims": [
    
            ],
            "comments_count": 0,
            "pinned_to": [
                "C0K51B16Y"
            ]
        },
        "ts": "1454907463.000008"
    },
    {
        "type": "message",
        "subtype": "file_share",
        "text": "<@U0K0Q03HP|marc> shared a file: <https:\/\/cosmosys.slack.com\/files\/marc\/F0LH4R20H\/requirements|Requirements>",
        "file": {
            "id": "F0LH4R20H",
            "created": 1454908407,
            "timestamp": 1454908407,
            "name": "Requirements",
            "title": "Requirements",
            "mimetype": "application\/vnd.google-apps.document",
            "filetype": "gdoc",
            "pretty_type": "GDocs Document",
            "user": "U0K0Q03HP",
            "editable": false,
            "size": 154,
            "mode": "external",
            "is_external": true,
            "external_type": "gdrive",
            "is_public": true,
            "public_url_shared": false,
            "display_as_bot": false,
            "username": "",
            "url_private": "https:\/\/docs.google.com\/a\/umich.edu\/document\/d\/16ns7WVglVI8C9yVVRnotVthFexFMi0XDjUdHO8VobMM\/edit?usp=drivesdk",
            "thumb_64": "https:\/\/a.slack-edge.com\/66f9\/img\/files\/gdraw_64.png",
            "thumb_360": "https:\/\/a.slack-edge.com\/272a\/img\/files\/gdoc_360.png",
            "thumb_360_w": 360,
            "thumb_360_h": 167,
            "permalink": "https:\/\/cosmosys.slack.com\/files\/marc\/F0LH4R20H\/requirements",
            "channels": [
                "C0K51B16Y"
            ],
            "groups": [
    
            ],
            "ims": [
    
            ],
            "comments_count": 0,
            "pinned_to": [
                "C0K51B16Y"
            ]
        },
        "user": "U0K0Q03HP",
        "upload": false,
        "display_as_bot": false,
        "username": "<@U0K0Q03HP|marc>",
        "bot_id": null,
        "ts": "1454908408.000010"
    },
    {
        "type": "message",
        "subtype": "pinned_item",
        "user": "U0K0Q03HP",
        "item_type": "F",
        "text": "<@U0K0Q03HP|marc> pinned their GDocs Document <https:\/\/cosmosys.slack.com\/files\/marc\/F0LH4R20H\/requirements|Requirements> to this channel.",
        "item": {
            "id": "F0LH4R20H",
            "created": 1454908407,
            "timestamp": 1454908407,
            "name": "Requirements",
            "title": "Requirements",
            "mimetype": "application\/vnd.google-apps.document",
            "filetype": "gdoc",
            "pretty_type": "GDocs Document",
            "user": "U0K0Q03HP",
            "editable": false,
            "size": 154,
            "mode": "external",
            "is_external": true,
            "external_type": "gdrive",
            "is_public": true,
            "public_url_shared": false,
            "display_as_bot": false,
            "username": "",
            "url_private": "https:\/\/docs.google.com\/a\/umich.edu\/document\/d\/16ns7WVglVI8C9yVVRnotVthFexFMi0XDjUdHO8VobMM\/edit?usp=drivesdk",
            "thumb_64": "https:\/\/a.slack-edge.com\/66f9\/img\/files\/gdraw_64.png",
            "thumb_360": "https:\/\/a.slack-edge.com\/272a\/img\/files\/gdoc_360.png",
            "thumb_360_w": 360,
            "thumb_360_h": 167,
            "permalink": "https:\/\/cosmosys.slack.com\/files\/marc\/F0LH4R20H\/requirements",
            "channels": [
                "C0K51B16Y"
            ],
            "groups": [
    
            ],
            "ims": [
    
            ],
            "comments_count": 0,
            "pinned_to": [
                "C0K51B16Y"
            ]
        },
        "ts": "1454908416.000012"
    }
]