[
    {
        "type": "message",
        "user": "U0K46FWHH",
        "text": "Truck status, trucks no longer have 100% uptime and can't distribute on all days",
        "ts": "1454037132.000002"
    },
    {
        "type": "message",
        "user": "U0K46FWHH",
        "text": "City preferences, Depending on distribution of ice cream determine favorite ice cream on that route    (Possibly increase inventory?)",
        "ts": "1454037250.000003"
    },
    {
        "type": "message",
        "subtype": "file_share",
        "text": "<@U0K46FWHH|rodney> shared a file: <https:\/\/cosmosys.slack.com\/files\/rodney\/F0KNC8AUR\/cosmosystimesheet.xlsx-sheet1|Cosmosys time sheet.xlsx>",
        "file": {
            "id": "F0KNC8AUR",
            "created": 1454039888,
            "timestamp": 1454039888,
            "name": "Cosmosystimesheet.xlsx-Sheet1",
            "title": "Cosmosys time sheet.xlsx",
            "mimetype": "application\/vnd.google-apps.spreadsheet",
            "filetype": "gsheet",
            "pretty_type": "GDocs Spreadsheet",
            "user": "U0K46FWHH",
            "editable": false,
            "size": 674,
            "mode": "external",
            "is_external": true,
            "external_type": "gdrive",
            "is_public": true,
            "public_url_shared": false,
            "display_as_bot": false,
            "username": "",
            "url_private": "https:\/\/docs.google.com\/a\/umich.edu\/spreadsheets\/d\/11kEitOlyRGC9jHMl7JV0ctW2rbpLS-Dkg6FOfYicYRY\/edit?usp=drivesdk",
            "thumb_64": "https:\/\/a.slack-edge.com\/66f9\/img\/files\/gsheet_64.png",
            "thumb_360": "https:\/\/a.slack-edge.com\/66f9\/img\/files\/gsheet_360.png",
            "thumb_360_w": 360,
            "thumb_360_h": 167,
            "permalink": "https:\/\/cosmosys.slack.com\/files\/rodney\/F0KNC8AUR\/cosmosystimesheet.xlsx-sheet1",
            "channels": [
                "C0K51B16Y"
            ],
            "groups": [
    
            ],
            "ims": [
    
            ],
            "comments_count": 0,
            "pinned_to": [
                "C0K51B16Y"
            ],
            "reactions": [
                {
                    "name": "+1",
                    "users": [
                        "U0K6VU7HC",
                        "U0KF2HSHZ",
                        "U0K0Q03HP"
                    ],
                    "count": 3
                }
            ]
        },
        "user": "U0K46FWHH",
        "upload": false,
        "display_as_bot": false,
        "username": "<@U0K46FWHH|rodney>",
        "bot_id": null,
        "ts": "1454039943.000006"
    }
]