[
    {
        "type": "message",
        "user": "U0KR98MLH",
        "text": "Thanks for the info...the professor told us that the team mangers will also have to put in matrix to one of the documents and signed off on another document if the team manager agrees to it...So, I would look over the changes you all have for the plan and I would like to see what you are doing in the other documents as well, so you can put the links for those in here too? Thank you :simple_smile:",
        "edited": {
            "user": "U0KR98MLH",
            "ts": "1455958955.000000"
        },
        "ts": "1455958905.000002"
    },
    {
        "type": "message",
        "user": "U0K0Q03HP",
        "text": "If I'm understanding you correctly, you're referring to the metrics in section 8.3 of the Software Requirements Specification Document (SRSD). We have the option of having you write that section, but we won't be exercising that option. As for the review and signoff procedure,s, they are detailed in the post you're replying to. You'll be required to signoff on quite a few documents, not just one.",
        "ts": "1455980715.000005"
    },
    {
        "type": "message",
        "user": "U0KR98MLH",
        "text": "ok great....i will give that a look soon...thank you",
        "ts": "1455989830.000006"
    }
]