[
    {
        "type": "message",
        "user": "U0K0Q03HP",
        "text": "I missed your comment about the Discrete Structures I requirements before I replied last time. No, I doubt the requirements were different, I just went overboard. I even went overboard with the documentation. I knew this once the professor looked at it for less than a minute. &gt;.&lt;",
        "ts": "1454421837.000002"
    },
    {
        "type": "message",
        "subtype": "file_share",
        "text": "<@U0K0Q03HP|marc> uploaded a file: <https:\/\/cosmosys.slack.com\/files\/marc\/F0L2UMZ4H\/game_of_life_-_report.pdf|Game of Life - Report.pdf>",
        "file": {
            "id": "F0L2UMZ4H",
            "created": 1454421852,
            "timestamp": 1454421852,
            "name": "Game of Life - Report.pdf",
            "title": "Game of Life - Report.pdf",
            "mimetype": "application\/pdf",
            "filetype": "pdf",
            "pretty_type": "PDF",
            "user": "U0K0Q03HP",
            "editable": false,
            "size": 1439622,
            "mode": "hosted",
            "is_external": false,
            "external_type": "",
            "is_public": true,
            "public_url_shared": false,
            "display_as_bot": false,
            "username": "",
            "url_private": "https:\/\/files.slack.com\/files-pri\/T0K0Q9FS6-F0L2UMZ4H\/game_of_life_-_report.pdf?t=xoxe-19024321890-21146617878-21145424849-0c687236a6",
            "url_private_download": "https:\/\/files.slack.com\/files-pri\/T0K0Q9FS6-F0L2UMZ4H\/download\/game_of_life_-_report.pdf?t=xoxe-19024321890-21146617878-21145424849-0c687236a6",
            "permalink": "https:\/\/cosmosys.slack.com\/files\/marc\/F0L2UMZ4H\/game_of_life_-_report.pdf",
            "permalink_public": "https:\/\/slack-files.com\/T0K0Q9FS6-F0L2UMZ4H-2bbe860d23",
            "channels": [
                "C0K51B16Y"
            ],
            "groups": [

            ],
            "ims": [

            ],
            "comments_count": 0
        },
        "user": "U0K0Q03HP",
        "upload": true,
        "display_as_bot": false,
        "username": "<@U0K0Q03HP|marc>",
        "bot_id": null,
        "ts": "1454421853.000003"
    }
]