[
    {
        "type": "message",
        "user": "U0K0Q03HP",
        "text": "Game of Life for Discrete Structures I\nDesigned an entire modular GUI system using GDI+ and .NET 2.0.\nLOC: 2500\nTime: 30 hrs\nClasses: 15\nFunctions: 83\nLOC\/HR: 84\nSource: <https:\/\/github.com\/logicseed\/gameoflife>\n\nMillikan Oil Drop Experiment Simulator\nDesigned a physically accurate simulator for the Milikan Oil Drop experiment using GDI+ and .NET 2.0. Reused much of my modular GUI from the previous example.\nLOC: 12300\nTime: 200 hrs\nClasses: 78\nFunctions: 378\nLOC\/HR: 62\nSource: Closed (Commercial)",
        "attachments": [
            {
                "service_name": "GitHub",
                "title": "logicseed\/gameoflife",
                "title_link": "https:\/\/github.com\/logicseed\/gameoflife",
                "text": "gameoflife - Discrete Structures I - Project 1",
                "fallback": "GitHub: logicseed\/gameoflife",
                "thumb_url": "https:\/\/avatars0.githubusercontent.com\/u\/8715074?v=3&s=400",
                "from_url": "https:\/\/github.com\/logicseed\/gameoflife",
                "thumb_width": 400,
                "thumb_height": 400,
                "id": 1
            }
        ],
        "ts": "1454378868.000002"
    },
    {
        "type": "message",
        "user": "U0K0Q03HP",
        "text": "it's hard to find projects that are large enough to be meaningful and recent enough to remember the time involved :confused:",
        "ts": "1454378907.000004"
    },
    {
        "type": "message",
        "user": "U0K46FWHH",
        "text": "GUI adds a ton of lines it looks like.",
        "ts": "1454382721.000005"
    },
    {
        "type": "message",
        "user": "U0K46FWHH",
        "text": "Or your Discrete Structures I requirement was much different than mine.",
        "ts": "1454382938.000006"
    },
    {
        "type": "message",
        "user": "U0K0Q03HP",
        "text": "Yep, but that's not actually where the LOC count comes from in my historical data... maybe like 10%. What Aly and I were referring to during our discussion was when you use the GUI editor in Visual Studio. The reason it creates a lot of LOC is because all of the GUI components are fairly generic classes, and there are many series of function calls to set properties of the objects you create from those classes.",
        "ts": "1454383293.000007"
    },
    {
        "type": "message",
        "user": "U0K0Q03HP",
        "text": "For example, if you created a text box, you'd need to tell it what size it should be, what font it should use, what color the text should be, what alignment the text should adhere to, what alignment the text box itself should have within its container, etc. Lots and lots of properties.",
        "ts": "1454383396.000008"
    }
]