[
    {
        "type": "message",
        "user": "U0KF2HSHZ",
        "text": "We could also have truck data.  Companies realistically have several different types of vehicles because they buy new ones regularly so we could have a set of vehicles with different gas mileages.  With this we could compute which truck models do better, which ones have better gas mileage and should go on longer routes etc. This point could also add to my fuel thing if it's not enough.",
        "ts": "1454175212.000002"
    },
    {
        "type": "message",
        "user": "U0K0Q03HP",
        "text": "Spitballing a couple ideas here:",
        "ts": "1454175995.000003"
    },
    {
        "type": "message",
        "user": "U0K0Q03HP",
        "text": "Ice Cream Freshness and Waste Management: No one likes ice cream that is past its freshness data, so we could keep track of how long ice cream has been on a truck and dispose of it when it expires. This would allow the user to view waste data and set inventory levels based on that. Granted, this functionality would mean ice cream would become an object in its own right instead of just a number inside some other data model. We would of course assume that a truck driver would always sell the oldest ice cream first so we wouldn't need any additional data from the driver.",
        "ts": "1454176146.000004"
    },
    {
        "type": "message",
        "user": "U0K0Q03HP",
        "text": "Time\/Season Based Inventory Profiles: Even in places that don't have a proper Winter like we do, I imagine ice cream vendors sell more during the hot summer months. We could collect data regarding these trends and allow the user to set inventory levels based on what time of the year it is.",
        "ts": "1454176250.000005"
    },
    {
        "type": "message",
        "user": "U0K6VU7HC",
        "text": "Here's an idea for added functionality...\n\nWe could have a route optimization, and make sure the ice cream trucks increase revenue by driving around school districts around the time that school lets out. In that we could also figure out which areas are residential, and which are more corporations and businesses so that the trucks don't waste time and resources by just avoiding them in out route",
        "ts": "1454179682.000006"
    },
    {
        "type": "message",
        "user": "U0K0Q03HP",
        "text": "Sounds like a good idea, but before we know if we can do something like that we need to get a little more information from Steiner regarding how much detail a route has. They may just be something like Detroit-&gt;Hazel Park-&gt;Warren-&gt;etc..",
        "ts": "1454179865.000007"
    },
    {
        "type": "message",
        "user": "U0K6VU7HC",
        "text": "yeah that's true..but I think adding the route optimization might feed well into other functionalities, and possibly make them easier to implement",
        "ts": "1454181932.000008"
    },
    {
        "type": "message",
        "subtype": "pinned_item",
        "user": "U0K0Q03HP",
        "item_type": "F",
        "text": "<@U0K0Q03HP|marc> pinned <@U0K46FWHH|rodney>'s GDocs Spreadsheet <https:\/\/cosmosys.slack.com\/files\/rodney\/F0KNC8AUR\/cosmosystimesheet.xlsx-sheet1|Cosmosys time sheet.xlsx> to this channel.",
        "item": {
            "id": "F0KNC8AUR",
            "created": 1454039888,
            "timestamp": 1454039888,
            "name": "Cosmosystimesheet.xlsx-Sheet1",
            "title": "Cosmosys time sheet.xlsx",
            "mimetype": "application\/vnd.google-apps.spreadsheet",
            "filetype": "gsheet",
            "pretty_type": "GDocs Spreadsheet",
            "user": "U0K46FWHH",
            "editable": false,
            "size": 674,
            "mode": "external",
            "is_external": true,
            "external_type": "gdrive",
            "is_public": true,
            "public_url_shared": false,
            "display_as_bot": false,
            "username": "",
            "url_private": "https:\/\/docs.google.com\/a\/umich.edu\/spreadsheets\/d\/11kEitOlyRGC9jHMl7JV0ctW2rbpLS-Dkg6FOfYicYRY\/edit?usp=drivesdk",
            "thumb_64": "https:\/\/slack.global.ssl.fastly.net\/66f9\/img\/files\/gsheet_64.png",
            "thumb_360": "https:\/\/slack.global.ssl.fastly.net\/66f9\/img\/files\/gsheet_360.png",
            "thumb_360_w": 360,
            "thumb_360_h": 167,
            "permalink": "https:\/\/cosmosys.slack.com\/files\/rodney\/F0KNC8AUR\/cosmosystimesheet.xlsx-sheet1",
            "channels": [
                "C0K51B16Y"
            ],
            "groups": [

            ],
            "ims": [

            ],
            "comments_count": 0,
            "pinned_to": [
                "C0K51B16Y"
            ],
            "reactions": [
                {
                    "name": "+1",
                    "users": [
                        "U0K6VU7HC",
                        "U0KF2HSHZ",
                        "U0K0Q03HP"
                    ],
                    "count": 3
                }
            ]
        },
        "ts": "1454182147.000009"
    }
]