[
    {
        "user": "U0K0Q03HP",
        "type": "message",
        "subtype": "channel_join",
        "text": "<@U0K0Q03HP|marc> has joined the channel",
        "ts": "1453472173.000002"
    },
    {
        "type": "message",
        "user": "U0K0Q03HP",
        "text": "\/lucidchart testUseCase",
        "ts": "1453525987.000002"
    },
    {
        "text": "",
        "bot_id": "B0K72V3LN",
        "attachments": [
            {
                "fallback": "<https:\/\/www.lucidchart.com\/slack\/join?invitationUrl=https%3A%2F%2Fdocuments.lucidchart.com%2Fdocuments%2F62603fc9-9bfc-45f3-ae7d-3dc194cd0745%2Finvitations%2F5c7e553a-a78e-4186-bf87-2efdda6d7d71>",
                "text": "marc has invited you to <https:\/\/www.lucidchart.com\/slack\/join?invitationUrl=https%3A%2F%2Fdocuments.lucidchart.com%2Fdocuments%2F62603fc9-9bfc-45f3-ae7d-3dc194cd0745%2Finvitations%2F5c7e553a-a78e-4186-bf87-2efdda6d7d71|join a Lucidchart diagramming session>, 'testUseCase'. When you're done, you can post an image of the diagram back to this channel as well.",
                "title": "Join marc's Lucidchart diagram 'testUseCase'.",
                "id": 1,
                "title_link": "https:\/\/www.lucidchart.com\/slack\/join?invitationUrl=https%3A%2F%2Fdocuments.lucidchart.com%2Fdocuments%2F62603fc9-9bfc-45f3-ae7d-3dc194cd0745%2Finvitations%2F5c7e553a-a78e-4186-bf87-2efdda6d7d71",
                "thumb_height": 75,
                "thumb_width": 75,
                "thumb_url": "https:\/\/d2slcw3kip6qmk.cloudfront.net\/marketing\/logos\/lucidchart-icon-2015-64px.png"
            }
        ],
        "type": "message",
        "subtype": "bot_message",
        "ts": "1453525987.000003"
    }
]