[
    {
        "type": "message",
        "subtype": "file_share",
        "text": "<@U0K0Q03HP|marc> uploaded a file: <https:\/\/cosmosys.slack.com\/files\/marc\/F0NF3CZR9\/adding_git_to_visual_studio.pdf|Adding Git to Visual Studio.pdf> and commented: Here is a quick tutorial I threw together on how to get Visual Studio setup with Git. I'll put another up shortly that will explain how to add documents to the repository and VS solution.",
        "file": {
            "id": "F0NF3CZR9",
            "created": 1456158770,
            "timestamp": 1456158770,
            "name": "Adding Git to Visual Studio.pdf",
            "title": "Adding Git to Visual Studio.pdf",
            "mimetype": "application\/pdf",
            "filetype": "pdf",
            "pretty_type": "PDF",
            "user": "U0K0Q03HP",
            "editable": false,
            "size": 162237,
            "mode": "hosted",
            "is_external": false,
            "external_type": "",
            "is_public": true,
            "public_url_shared": false,
            "display_as_bot": false,
            "username": "",
            "url_private": "https:\/\/files.slack.com\/files-pri\/T0K0Q9FS6-F0NF3CZR9\/adding_git_to_visual_studio.pdf?t=xoxe-19024321890-29726819925-29737085618-34de710835",
            "url_private_download": "https:\/\/files.slack.com\/files-pri\/T0K0Q9FS6-F0NF3CZR9\/download\/adding_git_to_visual_studio.pdf?t=xoxe-19024321890-29726819925-29737085618-34de710835",
            "permalink": "https:\/\/cosmosys.slack.com\/files\/marc\/F0NF3CZR9\/adding_git_to_visual_studio.pdf",
            "permalink_public": "https:\/\/slack-files.com\/T0K0Q9FS6-F0NF3CZR9-969530b37c",
            "channels": [
                "C0K2D5UJG"
            ],
            "groups": [
    
            ],
            "ims": [
    
            ],
            "comments_count": 1,
            "initial_comment": {
                "id": "Fc0NF6KXR8",
                "created": 1456158770,
                "timestamp": 1456158770,
                "user": "U0K0Q03HP",
                "comment": "Here is a quick tutorial I threw together on how to get Visual Studio setup with Git. I'll put another up shortly that will explain how to add documents to the repository and VS solution."
            }
        },
        "user": "U0K0Q03HP",
        "upload": true,
        "display_as_bot": false,
        "username": "<@U0K0Q03HP|marc>",
        "bot_id": null,
        "ts": "1456158771.000002"
    },
    {
        "type": "message",
        "subtype": "file_share",
        "text": "<@U0K0Q03HP|marc> uploaded a file: <https:\/\/cosmosys.slack.com\/files\/marc\/F0NFE9N6T\/adding_documents_to_git_through_visual_studio.pdf|Adding Documents to Git through Visual Studio.pdf>",
        "file": {
            "id": "F0NFE9N6T",
            "created": 1456161168,
            "timestamp": 1456161168,
            "name": "Adding Documents to Git through Visual Studio.pdf",
            "title": "Adding Documents to Git through Visual Studio.pdf",
            "mimetype": "application\/pdf",
            "filetype": "pdf",
            "pretty_type": "PDF",
            "user": "U0K0Q03HP",
            "editable": false,
            "size": 66764,
            "mode": "hosted",
            "is_external": false,
            "external_type": "",
            "is_public": true,
            "public_url_shared": false,
            "display_as_bot": false,
            "username": "",
            "url_private": "https:\/\/files.slack.com\/files-pri\/T0K0Q9FS6-F0NFE9N6T\/adding_documents_to_git_through_visual_studio.pdf?t=xoxe-19024321890-29726819925-29737085618-34de710835",
            "url_private_download": "https:\/\/files.slack.com\/files-pri\/T0K0Q9FS6-F0NFE9N6T\/download\/adding_documents_to_git_through_visual_studio.pdf?t=xoxe-19024321890-29726819925-29737085618-34de710835",
            "permalink": "https:\/\/cosmosys.slack.com\/files\/marc\/F0NFE9N6T\/adding_documents_to_git_through_visual_studio.pdf",
            "permalink_public": "https:\/\/slack-files.com\/T0K0Q9FS6-F0NFE9N6T-4709dbe755",
            "channels": [
                "C0K2D5UJG"
            ],
            "groups": [
    
            ],
            "ims": [
    
            ],
            "comments_count": 0
        },
        "user": "U0K0Q03HP",
        "upload": true,
        "display_as_bot": false,
        "username": "<@U0K0Q03HP|marc>",
        "bot_id": null,
        "ts": "1456161169.000003"
    },
    {
        "type": "message",
        "user": "U0K0Q03HP",
        "text": "Let me know if you guys have any questions.",
        "ts": "1456161184.000004"
    }
]