[
    {
        "type": "message",
        "user": "U0K46FWHH",
        "text": "rodney [1:42 PM] \nWould creating multiple branches that happen to use similar files pose a problem? They would both have to work out of one branch?\n\nmarc [1:43 PM] \nPotentially, but usually not. When you went to merge two branches that modified the same file Git will show you have the changes interact and allow you to make decisions about how they should be merged.\n\n[1:44] \nAs  long as you're not using some really obscure programming language, it's really good and how it proposes to merge the changes.\n\n[1:45] \nIt really only runs into problems when say, two people changed the same function signature.\n\n[1:47] \n..but even if two people modified the contents of the same function it can usually handle it. Imagine I added a variable to a function and loop later on, then you added a different variable to that function and some operations later on. It will usually offer a good merge for those.\n\n[1:50] \nRe: Multiple branches, it's even possible (or maybe even likely) that you'll have multiple branches that you're working on yourself. A key thing to keep in mind when working with Git is that a branch is no big deal (a Fork on the otherhand..) and you may even find yourself making a branch just to test something real quick and then just getting rid of the branch without ever even considering merging it.\n\nrodney [1:51 PM] \nOkay so it does make an attempt to keep them in line with each other. Would make sense to be able to keep all of the open source projects in working conditions.\n\nmarc [1:52 PM] \nIf I understand your question correctly, yes. If I had a branch I'd been working on and since creating it there had been some changes merged with the master, I could have it update my branch with those changes.\n\n[1:55] \nI could even branch my branch with those changes to see if they'll break what I'd been working on.",
        "ts": "1456600302.000002"
    },
    {
        "type": "message",
        "user": "U0K0Q03HP",
        "text": "Just to clarify, Rodney and I were talking about how Git handles source code. It treats Word files as binary files and can't diff them.",
        "ts": "1456600517.000003"
    },
    {
        "type": "message",
        "user": "U0K0Q03HP",
        "text": "When it comes to binary files, it only knows that \"some change\" has occurred. So, if we made changes to the same binary file it wouldn't know how to merge them and would just keep the most recent committed file.",
        "ts": "1456600741.000004"
    },
    {
        "type": "message",
        "user": "U0K0Q03HP",
        "text": "Well, technically it would keep all of the revisions, but the master would show the most recent one.",
        "ts": "1456600815.000005"
    }
]