[
    {
        "type": "message",
        "subtype": "file_share",
        "text": "<@U0K0Q03HP|marc> uploaded a file: <https:\/\/cosmosys.slack.com\/files\/marc\/F0T4K2K6C\/pdf_signing_instructions.pdf|PDF Signing Instructions.pdf>",
        "file": {
            "id": "F0T4K2K6C",
            "created": 1458141714,
            "timestamp": 1458141714,
            "name": "PDF Signing Instructions.pdf",
            "title": "PDF Signing Instructions.pdf",
            "mimetype": "application\/pdf",
            "filetype": "pdf",
            "pretty_type": "PDF",
            "user": "U0K0Q03HP",
            "editable": false,
            "size": 391768,
            "mode": "hosted",
            "is_external": false,
            "external_type": "",
            "is_public": true,
            "public_url_shared": false,
            "display_as_bot": false,
            "username": "",
            "url_private": "https:\/\/files.slack.com\/files-pri\/T0K0Q9FS6-F0T4K2K6C\/pdf_signing_instructions.pdf?t=xoxe-19024321890-29726819925-29737085618-34de710835",
            "url_private_download": "https:\/\/files.slack.com\/files-pri\/T0K0Q9FS6-F0T4K2K6C\/download\/pdf_signing_instructions.pdf?t=xoxe-19024321890-29726819925-29737085618-34de710835",
            "permalink": "https:\/\/cosmosys.slack.com\/files\/marc\/F0T4K2K6C\/pdf_signing_instructions.pdf",
            "permalink_public": "https:\/\/slack-files.com\/T0K0Q9FS6-F0T4K2K6C-80a5bf8446",
            "channels": [
                "C0K2D5UJG"
            ],
            "groups": [
    
            ],
            "ims": [
    
            ],
            "comments_count": 0
        },
        "user": "U0K0Q03HP",
        "upload": true,
        "display_as_bot": false,
        "username": "<@U0K0Q03HP|marc>",
        "bot_id": null,
        "ts": "1458141715.000002"
    }
]