[
    {
        "user": "U0K0Q03HP",
        "type": "message",
        "subtype": "channel_join",
        "text": "<@U0K0Q03HP|marc> has joined the channel",
        "ts": "1453859810.000002"
    },
    {
        "user": "U0K0Q03HP",
        "purpose": "Discussion regarding this communication platform.",
        "type": "message",
        "subtype": "channel_purpose",
        "text": "<@U0K0Q03HP|marc> set the channel purpose: Discussion regarding this communication platform.",
        "ts": "1453859810.000003"
    },
    {
        "user": "U0K6VU7HC",
        "inviter": "U0K0Q03HP",
        "type": "message",
        "subtype": "channel_join",
        "text": "<@U0K6VU7HC|aly> has joined the channel",
        "ts": "1453859810.000004"
    },
    {
        "user": "U0K3ZFVBL",
        "inviter": "U0K0Q03HP",
        "type": "message",
        "subtype": "channel_join",
        "text": "<@U0K3ZFVBL|fan> has joined the channel",
        "ts": "1453859810.000005"
    },
    {
        "user": "U0KF2HSHZ",
        "inviter": "U0K0Q03HP",
        "type": "message",
        "subtype": "channel_join",
        "text": "<@U0KF2HSHZ|jacob> has joined the channel",
        "ts": "1453859810.000006"
    },
    {
        "user": "U0K46FWHH",
        "inviter": "U0K0Q03HP",
        "type": "message",
        "subtype": "channel_join",
        "text": "<@U0K46FWHH|rodney> has joined the channel",
        "ts": "1453859810.000007"
    },
    {
        "type": "message",
        "user": "U0K0Q03HP",
        "text": "Before we get into the heat of the project, you guys may want to poke around on Slack and play with stuff.",
        "ts": "1453862320.000008"
    },
    {
        "type": "message",
        "user": "U0K0Q03HP",
        "text": "You may also want to download any appropriate apps for your mobile devices.",
        "ts": "1453862385.000009"
    }
]