[
    {
        "type": "message",
        "user": "U0K0Q03HP",
        "text": "Here's a rough sketch of an idea I had for how we might setup the team photo next week.",
        "ts": "1454640463.000002"
    },
    {
        "type": "message",
        "subtype": "file_share",
        "text": "<@U0K0Q03HP|marc> uploaded a file: <https:\/\/cosmosys.slack.com\/files\/marc\/F0LBBMTQD\/team_photo_idea.png|Team Photo Idea.png>",
        "file": {
            "id": "F0LBBMTQD",
            "created": 1454640486,
            "timestamp": 1454640486,
            "name": "Team Photo Idea.png",
            "title": "Team Photo Idea.png",
            "mimetype": "image\/png",
            "filetype": "png",
            "pretty_type": "PNG",
            "user": "U0K0Q03HP",
            "editable": false,
            "size": 69273,
            "mode": "hosted",
            "is_external": false,
            "external_type": "",
            "is_public": true,
            "public_url_shared": false,
            "display_as_bot": false,
            "username": "",
            "url_private": "https:\/\/files.slack.com\/files-pri\/T0K0Q9FS6-F0LBBMTQD\/team_photo_idea.png?t=xoxe-19024321890-21146617878-21145424849-0c687236a6",
            "url_private_download": "https:\/\/files.slack.com\/files-pri\/T0K0Q9FS6-F0LBBMTQD\/download\/team_photo_idea.png?t=xoxe-19024321890-21146617878-21145424849-0c687236a6",
            "thumb_64": "https:\/\/files.slack.com\/files-tmb\/T0K0Q9FS6-F0LBBMTQD-ba0d527d8d\/team_photo_idea_64.png?t=xoxe-19024321890-21146617878-21145424849-0c687236a6",
            "thumb_80": "https:\/\/files.slack.com\/files-tmb\/T0K0Q9FS6-F0LBBMTQD-ba0d527d8d\/team_photo_idea_80.png?t=xoxe-19024321890-21146617878-21145424849-0c687236a6",
            "thumb_360": "https:\/\/files.slack.com\/files-tmb\/T0K0Q9FS6-F0LBBMTQD-ba0d527d8d\/team_photo_idea_360.png?t=xoxe-19024321890-21146617878-21145424849-0c687236a6",
            "thumb_360_w": 249,
            "thumb_360_h": 360,
            "thumb_480": "https:\/\/files.slack.com\/files-tmb\/T0K0Q9FS6-F0LBBMTQD-ba0d527d8d\/team_photo_idea_480.png?t=xoxe-19024321890-21146617878-21145424849-0c687236a6",
            "thumb_480_w": 332,
            "thumb_480_h": 480,
            "thumb_160": "https:\/\/files.slack.com\/files-tmb\/T0K0Q9FS6-F0LBBMTQD-ba0d527d8d\/team_photo_idea_160.png?t=xoxe-19024321890-21146617878-21145424849-0c687236a6",
            "image_exif_rotation": 1,
            "original_w": 405,
            "original_h": 585,
            "permalink": "https:\/\/cosmosys.slack.com\/files\/marc\/F0LBBMTQD\/team_photo_idea.png",
            "permalink_public": "https:\/\/slack-files.com\/T0K0Q9FS6-F0LBBMTQD-da7f6bacb3",
            "channels": [
                "C0K3Y74LW"
            ],
            "groups": [

            ],
            "ims": [

            ],
            "comments_count": 0,
            "reactions": [
                {
                    "name": "+1",
                    "users": [
                        "U0K46FWHH"
                    ],
                    "count": 1
                }
            ]
        },
        "user": "U0K0Q03HP",
        "upload": true,
        "display_as_bot": false,
        "username": "<@U0K0Q03HP|marc>",
        "bot_id": null,
        "ts": "1454640488.000003"
    }
]