[
    {
        "user": "U0K6VU7HC",
        "inviter": "U0K0Q03HP",
        "type": "message",
        "subtype": "channel_join",
        "text": "<@U0K6VU7HC|aly> has joined the channel",
        "ts": "1453568147.000002"
    },
    {
        "user": "U0K3ZFVBL",
        "inviter": "U0K0Q03HP",
        "type": "message",
        "subtype": "channel_join",
        "text": "<@U0K3ZFVBL|fan> has joined the channel",
        "ts": "1453568147.000003"
    },
    {
        "user": "U0K46FWHH",
        "inviter": "U0K0Q03HP",
        "type": "message",
        "subtype": "channel_join",
        "text": "<@U0K46FWHH|rodney> has joined the channel",
        "ts": "1453568147.000004"
    }
]