[
    {
        "user": "U0K0Q03HP",
        "type": "message",
        "subtype": "channel_join",
        "text": "<@U0K0Q03HP|marc> has joined the channel",
        "ts": "1453426334.000002"
    },
    {
        "user": "U0K0Q03HP",
        "purpose": "Discussion of the user interface, user experience, and branding.",
        "type": "message",
        "subtype": "channel_purpose",
        "text": "<@U0K0Q03HP|marc> set the channel purpose: Discussion of the user interface, user experience, and branding.",
        "ts": "1453426334.000003"
    }
]