[
    {
        "type": "message",
        "user": "U0K0Q03HP",
        "text": "<!channel> Would you guys be able to stay after class tonight to lay out the high level tasks for the entire project?",
        "edited": {
            "user": "U0K0Q03HP",
            "ts": "1454611268.000000"
        },
        "ts": "1454611256.000002"
    },
    {
        "type": "message",
        "user": "U0KF2HSHZ",
        "text": "I can",
        "ts": "1454611643.000004"
    },
    {
        "type": "message",
        "user": "U0K0Q03HP",
        "text": "I think we should walk over to the library and hopefully find an available whiteboard.",
        "ts": "1454611698.000005"
    },
    {
        "type": "message",
        "user": "U0K6VU7HC",
        "text": "I can stay until 8:30 ",
        "ts": "1454611772.000006"
    },
    {
        "type": "message",
        "user": "U0K46FWHH",
        "text": "Yeah, I can stay after.",
        "ts": "1454612291.000007"
    },
    {
        "type": "message",
        "subtype": "file_share",
        "text": "<@U0K6VU7HC|aly> uploaded a file: <https:\/\/cosmosys.slack.com\/files\/aly\/F0LBBA1LN\/slack_for_ios_upload.jpg|Slack for iOS Upload>",
        "file": {
            "id": "F0LBBA1LN",
            "created": 1454635955,
            "timestamp": 1454635955,
            "name": "Slack for iOS Upload.jpg",
            "title": "Slack for iOS Upload",
            "mimetype": "image\/jpeg",
            "filetype": "jpg",
            "pretty_type": "JPEG",
            "user": "U0K6VU7HC",
            "editable": false,
            "size": 885550,
            "mode": "hosted",
            "is_external": false,
            "external_type": "",
            "is_public": true,
            "public_url_shared": false,
            "display_as_bot": false,
            "username": "",
            "url_private": "https:\/\/files.slack.com\/files-pri\/T0K0Q9FS6-F0LBBA1LN\/slack_for_ios_upload.jpg?t=xoxe-19024321890-21146617878-21145424849-0c687236a6",
            "url_private_download": "https:\/\/files.slack.com\/files-pri\/T0K0Q9FS6-F0LBBA1LN\/download\/slack_for_ios_upload.jpg?t=xoxe-19024321890-21146617878-21145424849-0c687236a6",
            "thumb_64": "https:\/\/files.slack.com\/files-tmb\/T0K0Q9FS6-F0LBBA1LN-c00c605694\/slack_for_ios_upload_64.jpg?t=xoxe-19024321890-21146617878-21145424849-0c687236a6",
            "thumb_80": "https:\/\/files.slack.com\/files-tmb\/T0K0Q9FS6-F0LBBA1LN-c00c605694\/slack_for_ios_upload_80.jpg?t=xoxe-19024321890-21146617878-21145424849-0c687236a6",
            "thumb_360": "https:\/\/files.slack.com\/files-tmb\/T0K0Q9FS6-F0LBBA1LN-c00c605694\/slack_for_ios_upload_360.jpg?t=xoxe-19024321890-21146617878-21145424849-0c687236a6",
            "thumb_360_w": 360,
            "thumb_360_h": 270,
            "thumb_480": "https:\/\/files.slack.com\/files-tmb\/T0K0Q9FS6-F0LBBA1LN-c00c605694\/slack_for_ios_upload_480.jpg?t=xoxe-19024321890-21146617878-21145424849-0c687236a6",
            "thumb_480_w": 480,
            "thumb_480_h": 360,
            "thumb_160": "https:\/\/files.slack.com\/files-tmb\/T0K0Q9FS6-F0LBBA1LN-c00c605694\/slack_for_ios_upload_160.jpg?t=xoxe-19024321890-21146617878-21145424849-0c687236a6",
            "thumb_720": "https:\/\/files.slack.com\/files-tmb\/T0K0Q9FS6-F0LBBA1LN-c00c605694\/slack_for_ios_upload_720.jpg?t=xoxe-19024321890-21146617878-21145424849-0c687236a6",
            "thumb_720_w": 720,
            "thumb_720_h": 540,
            "thumb_960": "https:\/\/files.slack.com\/files-tmb\/T0K0Q9FS6-F0LBBA1LN-c00c605694\/slack_for_ios_upload_960.jpg?t=xoxe-19024321890-21146617878-21145424849-0c687236a6",
            "thumb_960_w": 960,
            "thumb_960_h": 720,
            "thumb_1024": "https:\/\/files.slack.com\/files-tmb\/T0K0Q9FS6-F0LBBA1LN-c00c605694\/slack_for_ios_upload_1024.jpg?t=xoxe-19024321890-21146617878-21145424849-0c687236a6",
            "thumb_1024_w": 1024,
            "thumb_1024_h": 768,
            "image_exif_rotation": 1,
            "original_w": 3264,
            "original_h": 2448,
            "permalink": "https:\/\/cosmosys.slack.com\/files\/aly\/F0LBBA1LN\/slack_for_ios_upload.jpg",
            "permalink_public": "https:\/\/slack-files.com\/T0K0Q9FS6-F0LBBA1LN-6fa18522a0",
            "channels": [
                "C0KS39KC6"
            ],
            "groups": [

            ],
            "ims": [

            ],
            "comments_count": 0
        },
        "user": "U0K6VU7HC",
        "upload": true,
        "display_as_bot": false,
        "username": "<@U0K6VU7HC|aly>",
        "bot_id": null,
        "ts": "1454635965.000002"
    },
    {
        "type": "message",
        "user": "U0K0Q03HP",
        "text": "Tonight's Meeting: We determined the high-level task view of the entire project (as far as we know right now). We planned a meeting for next Tuesday (2015-2-9) after class to take our group photo. I'll bring a nice camera, make sure to dress sharp. :simple_smile: We also decided that starting on Thursday (2015-2-18) we'll start holding weekly in-person meetings after class from 8:00 PM to 10:00 PM. I'll make sure to reserve a group study room in the library for each of these meetings.  I've already reserved room 2040 on from 8-10 on Tuesday 2015-2-9, and Thursday 2015-2-18 and 2015-2-25. Is there anything I forgot?",
        "ts": "1454639547.000002"
    },
    {
        "user": "U0KR98MLH",
        "inviter": "U0K0Q03HP",
        "type": "message",
        "subtype": "channel_join",
        "text": "<@U0KR98MLH|camillwi> has joined the channel",
        "ts": "1454639570.000003"
    }
]