[
    {
        "user": "U0K0Q03HP",
        "type": "message",
        "subtype": "channel_join",
        "text": "<@U0K0Q03HP|marc> has joined the channel",
        "ts": "1454179500.000002"
    },
    {
        "user": "U0K0Q03HP",
        "purpose": "Post notifications about upcoming meetings, and for discussing when such meeting might occur.",
        "type": "message",
        "subtype": "channel_purpose",
        "text": "<@U0K0Q03HP|marc> set the channel purpose: Post notifications about upcoming meetings, and for discussing when such meeting might occur.",
        "ts": "1454179501.000003"
    },
    {
        "user": "U0K6VU7HC",
        "inviter": "U0K0Q03HP",
        "type": "message",
        "subtype": "channel_join",
        "text": "<@U0K6VU7HC|aly> has joined the channel",
        "ts": "1454179501.000004"
    },
    {
        "user": "U0K3ZFVBL",
        "inviter": "U0K0Q03HP",
        "type": "message",
        "subtype": "channel_join",
        "text": "<@U0K3ZFVBL|fan> has joined the channel",
        "ts": "1454179501.000005"
    },
    {
        "user": "U0KF2HSHZ",
        "inviter": "U0K0Q03HP",
        "type": "message",
        "subtype": "channel_join",
        "text": "<@U0KF2HSHZ|jacob> has joined the channel",
        "ts": "1454179501.000006"
    },
    {
        "user": "U0K46FWHH",
        "inviter": "U0K0Q03HP",
        "type": "message",
        "subtype": "channel_join",
        "text": "<@U0K46FWHH|rodney> has joined the channel",
        "ts": "1454179501.000007"
    },
    {
        "type": "message",
        "user": "U0K0Q03HP",
        "text": "Jacob and Aly brought up two potential meetings we should have within the next week.",
        "ts": "1454179526.000008"
    },
    {
        "type": "message",
        "user": "U0K0Q03HP",
        "text": "Jacob pointed out that Section 1.2 will require some serious collaboration so we're proposing a meeting tomorrow evening to hammer that out. Many of the later sections require that we have our functionality 'set in stone' as it were, so it needs to be our first meeting and soon. How does everyone feel about a meeting tomorrow evening at 6 or 8? I'm estimating 1-2 hours.",
        "ts": "1454179636.000009"
    },
    {
        "type": "message",
        "user": "U0K0Q03HP",
        "text": "Aly brought up another important meeting need to have for part 1. Because the estimation sections will require a lot of information from each other, we should have this meeting in person. After one of our lectures this week.  It will also likely take 1-2 hours. Does anyone have a preference for having it on one of the days?",
        "ts": "1454179773.000010"
    },
    {
        "type": "message",
        "user": "U0K6VU7HC",
        "text": "6 pm tomorrow, and Tuesday after class is my preference...not for any particular reason, I can meet at the other times too, but I want to tackle it as soon as possible",
        "ts": "1454179865.000011"
    },
    {
        "type": "message",
        "user": "U0K46FWHH",
        "text": "6PM will work for me.",
        "ts": "1454179920.000012"
    },
    {
        "type": "message",
        "user": "U0K0Q03HP",
        "text": "Indeed Aly, I'm sure we all have other classes so I'd also prefer to doing everything ASAP. I figure the more we frontload the less we'll have to do when we're worrying about finals. :simple_smile: On that note, I think ideally we could accomplish most if not all of the plan this week, and then have the weekend and next week to do the presentation.",
        "ts": "1454180321.000013"
    },
    {
        "type": "message",
        "user": "U0KF2HSHZ",
        "text": "6pm is good for me",
        "ts": "1454189566.000014"
    }
]