[
    {
        "type": "message",
        "user": "U0K6VU7HC",
        "text": "We should schedule a meeting soon with Camille and take our group picture (unless Steiner accepts crayon stick figure drawings)",
        "ts": "1454471415.000002"
    },
    {
        "type": "message",
        "user": "U0K0Q03HP",
        "text": "Looking at all our availabilities, it looks like it will be difficult to get all 6 of us in the same place at the same time. :disappointed:",
        "edited": {
            "user": "U0K0Q03HP",
            "ts": "1454476800.000000"
        },
        "ts": "1454476789.000003"
    },
    {
        "type": "message",
        "user": "U0K0Q03HP",
        "text": "Tonight's Meeting: We decided on C#, a GUI, and a database. The two estimates we completed were the wild guess at 500 hours, and the Lines of Code with 8000 LOC at 20 LOC\/hr or 400 hours. We also decided on our additional functionality. Gas (Jacob), Voting (Fan), Profiles (Aly), Drivers (Rodney), Freshness (Marc), and Internationalization (all). Did I forget anything?",
        "ts": "1454477050.000005"
    },
    {
        "type": "message",
        "subtype": "file_share",
        "text": "<@U0K0Q03HP|marc> shared a file: <https:\/\/cosmosys.slack.com\/files\/marc\/F0L53N7N1\/Availabilities|Availabilities>",
        "file": {
            "id": "F0L53N7N1",
            "created": 1454477240,
            "timestamp": 1454477251,
            "name": "Availabilities",
            "title": "Availabilities",
            "mimetype": "text\/plain",
            "filetype": "space",
            "pretty_type": "Post",
            "user": "U0K0Q03HP",
            "editable": true,
            "size": 1416,
            "mode": "space",
            "is_external": false,
            "external_type": "",
            "is_public": true,
            "public_url_shared": false,
            "display_as_bot": false,
            "username": "",
            "url_private": "https:\/\/files.slack.com\/files-pri\/T0K0Q9FS6-F0L53N7N1\/Availabilities?t=xoxe-19024321890-21146617878-21145424849-0c687236a6",
            "url_private_download": "https:\/\/files.slack.com\/files-pri\/T0K0Q9FS6-F0L53N7N1\/download\/Availabilities?t=xoxe-19024321890-21146617878-21145424849-0c687236a6",
            "permalink": "https:\/\/cosmosys.slack.com\/files\/marc\/F0L53N7N1\/Availabilities",
            "permalink_public": "https:\/\/slack-files.com\/T0K0Q9FS6-F0L53N7N1-68420a16a3",
            "preview": "<document><p>A consolidated list of our availabilities.<\/p><p><b>Aly<\/b><\/p><p>M: After 5:30 PM, Tu: After 7:45 PM, W: After 5:30 PM, Th: After 7:45 PM, F: After 5:30 PM, Weekends: Afternoons and evenings.<\/p><p><b>Camille<\/b><\/p><p>M: None, Tu: 3:00 PM - 5:00 PM, W: 3:00 PM - 5:00 PM, Th: 3:00 PM - 5:00 PM, F: None, Weekends: None<\/p><\/document>",
            "updated": 1454478107,
            "editor": "U0K0Q03HP",
            "last_editor": "U0K0Q03HP",
            "state": "active",
            "channels": [
                "C0KS39KC6"
            ],
            "groups": [

            ],
            "ims": [

            ],
            "comments_count": 1,
            "num_stars": 1,
            "pinned_to": [
                "C0KS39KC6"
            ]
        },
        "user": "U0K0Q03HP",
        "upload": false,
        "display_as_bot": false,
        "username": "<@U0K0Q03HP|marc>",
        "bot_id": null,
        "ts": "1454478142.000006"
    },
    {
        "type": "message",
        "subtype": "file_comment",
        "text": "<@U0K0Q03HP|marc> commented on <@U0K0Q03HP|marc>'s file <https:\/\/cosmosys.slack.com\/files\/marc\/F0L53N7N1\/Availabilities|Availabilities>: This is editable by anyone so they can update their availability if the need arises.",
        "file": {
            "id": "F0L53N7N1",
            "created": 1454477240,
            "timestamp": 1454477251,
            "name": "Availabilities",
            "title": "Availabilities",
            "mimetype": "text\/plain",
            "filetype": "space",
            "pretty_type": "Post",
            "user": "U0K0Q03HP",
            "editable": true,
            "size": 1416,
            "mode": "space",
            "is_external": false,
            "external_type": "",
            "is_public": true,
            "public_url_shared": false,
            "display_as_bot": false,
            "username": "",
            "url_private": "https:\/\/files.slack.com\/files-pri\/T0K0Q9FS6-F0L53N7N1\/Availabilities?t=xoxe-19024321890-21146617878-21145424849-0c687236a6",
            "url_private_download": "https:\/\/files.slack.com\/files-pri\/T0K0Q9FS6-F0L53N7N1\/download\/Availabilities?t=xoxe-19024321890-21146617878-21145424849-0c687236a6",
            "permalink": "https:\/\/cosmosys.slack.com\/files\/marc\/F0L53N7N1\/Availabilities",
            "permalink_public": "https:\/\/slack-files.com\/T0K0Q9FS6-F0L53N7N1-68420a16a3",
            "preview": "<document><p>A consolidated list of our availabilities.<\/p><p><b>Aly<\/b><\/p><p>M: After 5:30 PM, Tu: After 7:45 PM, W: After 5:30 PM, Th: After 7:45 PM, F: After 5:30 PM, Weekends: Afternoons and evenings.<\/p><p><b>Camille<\/b><\/p><p>M: None, Tu: 3:00 PM - 5:00 PM, W: 3:00 PM - 5:00 PM, Th: 3:00 PM - 5:00 PM, F: None, Weekends: None<\/p><\/document>",
            "updated": 1454478107,
            "editor": "U0K0Q03HP",
            "last_editor": "U0K0Q03HP",
            "state": "active",
            "channels": [
                "C0KS39KC6"
            ],
            "groups": [

            ],
            "ims": [

            ],
            "comments_count": 1,
            "num_stars": 1,
            "pinned_to": [
                "C0KS39KC6"
            ]
        },
        "comment": {
            "id": "Fc0L59322C",
            "created": 1454478142,
            "timestamp": 1454478142,
            "user": "U0K0Q03HP",
            "comment": "This is editable by anyone so they can update their availability if the need arises."
        },
        "ts": "1454478142.000007"
    },
    {
        "type": "message",
        "subtype": "pinned_item",
        "user": "U0K0Q03HP",
        "item_type": "F",
        "text": "<@U0K0Q03HP|marc> pinned their Post <https:\/\/cosmosys.slack.com\/files\/marc\/F0L53N7N1\/Availabilities|Availabilities> to this channel.",
        "item": {
            "id": "F0L53N7N1",
            "created": 1454477240,
            "timestamp": 1454477251,
            "name": "Availabilities",
            "title": "Availabilities",
            "mimetype": "text\/plain",
            "filetype": "space",
            "pretty_type": "Post",
            "user": "U0K0Q03HP",
            "editable": true,
            "size": 1416,
            "mode": "space",
            "is_external": false,
            "external_type": "",
            "is_public": true,
            "public_url_shared": false,
            "display_as_bot": false,
            "username": "",
            "url_private": "https:\/\/files.slack.com\/files-pri\/T0K0Q9FS6-F0L53N7N1\/Availabilities?t=xoxe-19024321890-21146617878-21145424849-0c687236a6",
            "url_private_download": "https:\/\/files.slack.com\/files-pri\/T0K0Q9FS6-F0L53N7N1\/download\/Availabilities?t=xoxe-19024321890-21146617878-21145424849-0c687236a6",
            "permalink": "https:\/\/cosmosys.slack.com\/files\/marc\/F0L53N7N1\/Availabilities",
            "permalink_public": "https:\/\/slack-files.com\/T0K0Q9FS6-F0L53N7N1-68420a16a3",
            "preview": "<document><p>A consolidated list of our availabilities.<\/p><p><b>Aly<\/b><\/p><p>M: After 5:30 PM, Tu: After 7:45 PM, W: After 5:30 PM, Th: After 7:45 PM, F: After 5:30 PM, Weekends: Afternoons and evenings.<\/p><p><b>Camille<\/b><\/p><p>M: None, Tu: 3:00 PM - 5:00 PM, W: 3:00 PM - 5:00 PM, Th: 3:00 PM - 5:00 PM, F: None, Weekends: None<\/p><\/document>",
            "updated": 1454478107,
            "editor": "U0K0Q03HP",
            "last_editor": "U0K0Q03HP",
            "state": "active",
            "channels": [
                "C0KS39KC6"
            ],
            "groups": [

            ],
            "ims": [

            ],
            "comments_count": 1,
            "num_stars": 1,
            "pinned_to": [
                "C0KS39KC6"
            ]
        },
        "ts": "1454478173.000008"
    }
]