[
    {
        "text": "<@U0K0Q03HP|marc> has started a Google+ Hangout for this channel. <https:\/\/plus.google.com\/hangouts\/_\/umgh2v3juz5nqj63o42digt5eia|Click here to join>.",
        "username": "hangouts",
        "bot_id": "B0K0RAM16",
        "type": "message",
        "subtype": "bot_message",
        "ts": "1454281103.000004"
    },
    {
        "type": "message",
        "subtype": "file_share",
        "text": "<@U0K0Q03HP|marc> shared a file: <https:\/\/cosmosys.slack.com\/files\/marc\/F0KTG4S2E\/roughfeaturelist|Rough Feature List>",
        "file": {
            "id": "F0KTG4S2E",
            "created": 1454281515,
            "timestamp": 1454281515,
            "name": "RoughFeatureList",
            "title": "Rough Feature List",
            "mimetype": "application\/vnd.google-apps.document",
            "filetype": "gdoc",
            "pretty_type": "GDocs Document",
            "user": "U0K0Q03HP",
            "editable": false,
            "size": 1839,
            "mode": "external",
            "is_external": true,
            "external_type": "gdrive",
            "is_public": true,
            "public_url_shared": false,
            "display_as_bot": false,
            "username": "",
            "url_private": "https:\/\/docs.google.com\/a\/umich.edu\/document\/d\/1DId303nZdbj6LcVr-FrpTTx__uIBjNLfhFfXRhLrPtY\/edit?usp=drivesdk",
            "thumb_64": "https:\/\/slack.global.ssl.fastly.net\/66f9\/img\/files\/gdraw_64.png",
            "thumb_360": "https:\/\/slack.global.ssl.fastly.net\/272a\/img\/files\/gdoc_360.png",
            "thumb_360_w": 360,
            "thumb_360_h": 167,
            "permalink": "https:\/\/cosmosys.slack.com\/files\/marc\/F0KTG4S2E\/roughfeaturelist",
            "channels": [
                "C0KS39KC6"
            ],
            "groups": [

            ],
            "ims": [

            ],
            "comments_count": 0
        },
        "user": "U0K0Q03HP",
        "upload": false,
        "display_as_bot": false,
        "username": "<@U0K0Q03HP|marc>",
        "bot_id": null,
        "ts": "1454281515.000007"
    },
    {
        "type": "message",
        "user": "U0K6VU7HC",
        "text": "Before Tuesday's meetings, 1)  try to decide whether you'd like to work on a Console app vs a GUI 2) Go over past programs to see how long it took and how many lines of code (for historical data)",
        "ts": "1454285074.000009"
    }
]