[
    {
        "type": "message",
        "user": "U0K6VU7HC",
        "text": "So the room I'm thinking about is room 3100 on the 3rd floor of CASL, but there's also a bigger room (3073) which I'd think would be vacant at 5 on a Thursday ",
        "ts": "1455115106.000006"
    },
    {
        "type": "message",
        "user": "U0K6VU7HC",
        "text": "Ok I was able to get a reservation tomorrow from 5-5:45 for room 3033 CASL building",
        "ts": "1455123748.000007",
        "reactions": [
            {
                "name": "+1",
                "users": [
                    "U0K0Q03HP",
                    "U0K46FWHH"
                ],
                "count": 2
            }
        ]
    },
    {
        "type": "message",
        "user": "U0K0Q03HP",
        "text": "<@U0K6VU7HC> <@U0KF2HSHZ> <@U0K3ZFVBL> Just so we're on the same page, we already got fancied up for the photo, casual is fine for the presentation. :simple_smile: or \"afterwork casual\" in your case Aly :stuck_out_tongue:",
        "ts": "1455157167.000008"
    },
    {
        "type": "message",
        "user": "U0K6VU7HC",
        "text": "Lol alright awesome",
        "ts": "1455157627.000009"
    }
]