[
    {
        "user": "U0K0Q03HP",
        "type": "message",
        "subtype": "channel_join",
        "text": "<@U0K0Q03HP|marc> has joined the channel",
        "ts": "1454800098.000002"
    },
    {
        "user": "U0K0Q03HP",
        "purpose": "Discussion and decisions regarding the coding standards and guidelines for this project.",
        "type": "message",
        "subtype": "channel_purpose",
        "text": "<@U0K0Q03HP|marc> set the channel purpose: Discussion and decisions regarding the coding standards and guidelines for this project.",
        "ts": "1454800099.000003"
    },
    {
        "user": "U0K6VU7HC",
        "inviter": "U0K0Q03HP",
        "type": "message",
        "subtype": "channel_join",
        "text": "<@U0K6VU7HC|aly> has joined the channel",
        "ts": "1454800099.000004"
    },
    {
        "user": "U0KR98MLH",
        "inviter": "U0K0Q03HP",
        "type": "message",
        "subtype": "channel_join",
        "text": "<@U0KR98MLH|camillwi> has joined the channel",
        "ts": "1454800099.000005"
    },
    {
        "user": "U0K3ZFVBL",
        "inviter": "U0K0Q03HP",
        "type": "message",
        "subtype": "channel_join",
        "text": "<@U0K3ZFVBL|fan> has joined the channel",
        "ts": "1454800099.000006"
    },
    {
        "user": "U0KF2HSHZ",
        "inviter": "U0K0Q03HP",
        "type": "message",
        "subtype": "channel_join",
        "text": "<@U0KF2HSHZ|jacob> has joined the channel",
        "ts": "1454800099.000007"
    },
    {
        "user": "U0K46FWHH",
        "inviter": "U0K0Q03HP",
        "type": "message",
        "subtype": "channel_join",
        "text": "<@U0K46FWHH|rodney> has joined the channel",
        "ts": "1454800099.000008"
    },
    {
        "type": "message",
        "user": "U0K0Q03HP",
        "text": "It's not time to start coding yet, but I feel that we should have this discussed and decided upon before that time comes.",
        "ts": "1454800127.000009"
    },
    {
        "type": "message",
        "user": "U0K46FWHH",
        "text": "Could be considered a technical constraint if the styles of documentation and programming are very different.",
        "ts": "1454800191.000010"
    },
    {
        "type": "message",
        "user": "U0K0Q03HP",
        "text": "My first proposal is in regard to comments style. Since we're using Visual Studio and Intellisense is awesome, we should probably use XML comments so that when we're using each others functions\/classes we'll have Intellisense assistance in doing so.",
        "ts": "1454800281.000011"
    },
    {
        "type": "message",
        "subtype": "file_share",
        "text": "<@U0K0Q03HP|marc> uploaded a file: <https:\/\/cosmosys.slack.com\/files\/marc\/F0LFKJUG3\/xml_comment_example.cs|XML Comment Example> and commented: It may seem like a lot of typing, but code completion will handle most of it if you start a comment with \/\/\/ In fact if you already have the function signature typed out it will even add any appropriate &lt;param or &lt;returns tags. For further information see: <https:\/\/msdn.microsoft.com\/en-us\/library\/5ast78ax(v=vs.140).aspx>",
        "file": {
            "id": "F0LFKJUG3",
            "created": 1454800551,
            "timestamp": 1454800551,
            "name": "XML_Comment_Example.cs",
            "title": "XML Comment Example",
            "mimetype": "text\/plain",
            "filetype": "csharp",
            "pretty_type": "C#",
            "user": "U0K0Q03HP",
            "editable": true,
            "size": 262,
            "mode": "snippet",
            "is_external": false,
            "external_type": "",
            "is_public": true,
            "public_url_shared": false,
            "display_as_bot": false,
            "username": "",
            "url_private": "https:\/\/files.slack.com\/files-pri\/T0K0Q9FS6-F0LFKJUG3\/xml_comment_example.cs?t=xoxe-19024321890-21146617878-21145424849-0c687236a6",
            "url_private_download": "https:\/\/files.slack.com\/files-pri\/T0K0Q9FS6-F0LFKJUG3\/download\/xml_comment_example.cs?t=xoxe-19024321890-21146617878-21145424849-0c687236a6",
            "permalink": "https:\/\/cosmosys.slack.com\/files\/marc\/F0LFKJUG3\/xml_comment_example.cs",
            "permalink_public": "https:\/\/slack-files.com\/T0K0Q9FS6-F0LFKJUG3-e9cd4ff3bf",
            "edit_link": "https:\/\/cosmosys.slack.com\/files\/marc\/F0LFKJUG3\/xml_comment_example.cs\/edit",
            "preview": "\/\/\/ <summary>\r\n\/\/\/ This is where a brief summary is typed.\r\n\/\/\/ <\/summary>\r\n\/\/\/ <param name=\"param1\">Description of first parameter<\/param>\r\n\/\/\/ <param name=\"param2\">Description of second parameter<\/param>\r",
            "preview_highlight": "<div class=\"CodeMirror cm-s-default CodeMirrorServer\">\n<div class=\"CodeMirror-code\">\n<div><pre><span class=\"cm-comment\">\/\/\/ &lt;summary&gt;<\/span><\/pre><\/div>\n<div><pre><span class=\"cm-comment\">\/\/\/ This is where a brief summary is typed.<\/span><\/pre><\/div>\n<div><pre><span class=\"cm-comment\">\/\/\/ &lt;\/summary&gt;<\/span><\/pre><\/div>\n<div><pre><span class=\"cm-comment\">\/\/\/ &lt;param name=&quot;param1&quot;&gt;Description of first parameter&lt;\/param&gt;<\/span><\/pre><\/div>\n<div><pre><span class=\"cm-comment\">\/\/\/ &lt;param name=&quot;param2&quot;&gt;Description of second parameter&lt;\/param&gt;<\/span><\/pre><\/div>\n<\/div>\n<\/div>\n",
            "lines": 6,
            "lines_more": 1,
            "channels": [
                "C0LFNMB1U"
            ],
            "groups": [

            ],
            "ims": [

            ],
            "comments_count": 1,
            "initial_comment": {
                "id": "Fc0LFPD6NL",
                "created": 1454800551,
                "timestamp": 1454800551,
                "user": "U0K0Q03HP",
                "comment": "It may seem like a lot of typing, but code completion will handle most of it if you start a comment with \/\/\/ In fact if you already have the function signature typed out it will even add any appropriate &lt;param or &lt;returns tags. For further information see: <https:\/\/msdn.microsoft.com\/en-us\/library\/5ast78ax(v=vs.140).aspx>"
            },
            "pinned_to": [
                "C0LFNMB1U"
            ]
        },
        "user": "U0K0Q03HP",
        "upload": true,
        "display_as_bot": false,
        "username": "<@U0K0Q03HP|marc>",
        "bot_id": null,
        "ts": "1454800552.000012"
    },
    {
        "type": "message",
        "user": "U0K0Q03HP",
        "text": "Most of us are probable already familiar with some really standard coding guidelines, like starting function names with verbs, naming classes with PascalCase, and everything else with camelCase.",
        "edited": {
            "user": "U0K0Q03HP",
            "ts": "1454800726.000000"
        },
        "ts": "1454800678.000013"
    },
    {
        "type": "message",
        "user": "U0K0Q03HP",
        "text": "Maybe as part of this discussion we should start a vocabulary document so we all call things by the same name. (e.g. One of us doesn't refer to drivers as Employee, while the rest us are calling them Driver)",
        "ts": "1454800840.000015"
    },
    {
        "type": "message",
        "user": "U0K0Q03HP",
        "text": "Such a vocabulary applies to which verbs we might use as well, like do we modifyDriver, yet editTruck when we should probably modifyTruck or editDriver so we're consistent.",
        "ts": "1454800947.000016"
    },
    {
        "type": "message",
        "user": "U0K0Q03HP",
        "text": "(Granted 'edit' and 'modify' on their own are probably too vague to be included in good function names anyway, modifyTruckFuelLevel or the like would be better.)",
        "ts": "1454801048.000017"
    },
    {
        "type": "message",
        "user": "U0K0Q03HP",
        "text": "That example brings up a good word to decide upon first, and since it's Jacob's pet functionality he could have the final say. Should we use the term Gas or Fuel? It seems like Fuel would be more accurate because it's possible a truck runs off of diesel which isn't technically gas(oline).",
        "ts": "1454801226.000018"
    },
    {
        "type": "message",
        "user": "U0K46FWHH",
        "text": "Naming conventions would be useful to establish sooner than coding for the class diagrams. After those are made, the coding should stay fairly consistent.",
        "ts": "1454801718.000019"
    },
    {
        "type": "message",
        "user": "U0K0Q03HP",
        "text": "Very good point",
        "ts": "1454801732.000020"
    },
    {
        "type": "message",
        "user": "U0K0Q03HP",
        "text": "Started a document for it, editable by everyone.",
        "ts": "1454801967.000024"
    },
    {
        "type": "message",
        "user": "U0K0Q03HP",
        "text": "Ideally we'd each define the nouns that will be used in our additional functionalities first.",
        "ts": "1454802357.000026"
    },
    {
        "type": "message",
        "user": "U0K0Q03HP",
        "text": "Changed my mind, the naming conventions document should probably be a spreadsheet so we can sort them easily.",
        "ts": "1454802796.000027"
    },
    {
        "type": "message",
        "subtype": "file_share",
        "text": "<@U0K0Q03HP|marc> shared a file: <https:\/\/cosmosys.slack.com\/files\/marc\/F0LFKKLNR\/namingconventions-nouns|Naming Conventions>",
        "file": {
            "id": "F0LFKKLNR",
            "created": 1454802803,
            "timestamp": 1454802803,
            "name": "NamingConventions-Nouns",
            "title": "Naming Conventions",
            "mimetype": "application\/vnd.google-apps.spreadsheet",
            "filetype": "gsheet",
            "pretty_type": "GDocs Spreadsheet",
            "user": "U0K0Q03HP",
            "editable": false,
            "size": 18,
            "mode": "external",
            "is_external": true,
            "external_type": "gdrive",
            "is_public": true,
            "public_url_shared": false,
            "display_as_bot": false,
            "username": "",
            "url_private": "https:\/\/docs.google.com\/a\/umich.edu\/spreadsheets\/d\/1QibBoEhGlgDTjaZKcPnKe_9FzFtkxfOz6VnDyjxK0xk\/edit?usp=drivesdk",
            "thumb_64": "https:\/\/slack.global.ssl.fastly.net\/66f9\/img\/files\/gsheet_64.png",
            "thumb_360": "https:\/\/slack.global.ssl.fastly.net\/66f9\/img\/files\/gsheet_360.png",
            "thumb_360_w": 360,
            "thumb_360_h": 167,
            "permalink": "https:\/\/cosmosys.slack.com\/files\/marc\/F0LFKKLNR\/namingconventions-nouns",
            "channels": [
                "C0LFNMB1U"
            ],
            "groups": [

            ],
            "ims": [

            ],
            "comments_count": 0,
            "pinned_to": [
                "C0LFNMB1U"
            ]
        },
        "user": "U0K0Q03HP",
        "upload": false,
        "display_as_bot": false,
        "username": "<@U0K0Q03HP|marc>",
        "bot_id": null,
        "ts": "1454802803.000029"
    }
]