[
    {
        "type": "message",
        "user": "U0KR98MLH",
        "text": "so do everyone approve the latest plan i uploaded",
        "ts": "1455121160.000030"
    },
    {
        "type": "message",
        "user": "U0K0Q03HP",
        "text": "The following is a list of all the differences between the content we provided and our content within your document. If I don't note that I revised our document concerning the change, then it needs to be revised in your document.\n\n*Section 1*\n\nYou capitalized software in the first sentence; it shouldn't be capitalized.\n\n*Section 1.1*\n\nYour document contains an old revision.\n\n*Section 2.2*\n\nYou put a comma after \"Finally\" in the last sentence. You're right there should be a comma there but it wasn't revised in our document. (I've since revised it.)\n\n*Section 2.2.1.1*\n\nYou added the sentence \"If the project manager cannot attend the plan meetings, the project manager will use that time to help and look over the project.\" at the end of the paragraph. Good to know, but not related to the estimate.\n\n*Section 2.2.1.2*\n\nYour document contains an old revision.\n\n*Section 2.3*\n\nYou added parenthesis around the products in the calculation; unnecessary due to order of operations.\n\n*Section 2.3.1*\n\nYou removed the space between the two parts; they're not connected paragraphs so they really shouldn't run into one another.\n\n*Section 2.4*\n\nBullet Point 3.1 You added Windows OS and Elementary OS is not on the list. If you're not using Windows 7 or Windows 10, let us know so we can update our document.\n\nBullet Point 3.4 You removed Microsoft Office 2016, and Project 2013. If you decided not to use Project we can remove it, but Office 2016 definitely needs to be there.\n\n*Section 3.2*\n\nIn the Team Ambiguity Mitigation Plan cell you corrected the spelling of progress. I've revised our document.\n\n*Section 3.3*\n\nYou added a space between the first and second sentence. I've revised our document.\n\n*Section 5.2*\n\nYou added two sentences to the end of bullet point 2. I've added them to our document.\n\n*Section 6.1*\n\nYou added a comma after \"exist\" in the third sentence. It should be there so I've added it to our document.",
        "ts": "1455130418.000031"
    },
    {
        "type": "message",
        "user": "U0KR98MLH",
        "text": "ok thank you...i will look at these...",
        "ts": "1455130501.000032"
    },
    {
        "type": "message",
        "user": "U0KR98MLH",
        "text": "hey quick question....for your presentation tomorrow...i just want to know if anyone add any information about me? (besides the picture)",
        "ts": "1455150911.000033"
    },
    {
        "type": "message",
        "user": "U0K46FWHH",
        "text": "As of yesterday, the only thing we had was information for our team structure.",
        "ts": "1455150998.000034"
    },
    {
        "type": "message",
        "user": "U0KR98MLH",
        "text": "ok just want to make sure...because no one ask me for my input...thanks <@U0K46FWHH>",
        "ts": "1455151713.000035"
    },
    {
        "type": "message",
        "user": "U0K46FWHH",
        "text": "Is there any specific that you might want in there?",
        "ts": "1455154065.000036"
    },
    {
        "type": "message",
        "user": "U0KR98MLH",
        "text": "not that I can think of...the professor just stated that the team could ask the team manager for input since my background or information about me would be in the presentation...so I was just making sure...if you needed me for anything :simple_smile:",
        "ts": "1455154176.000037"
    },
    {
        "type": "message",
        "user": "U0K0Q03HP",
        "text": "With the amount of time we're allotted and the amount of content we have to cover we're really pressed for time. We plan to just have everyone day which degree program they're in and what their career aspirations are. I'd like to be able to also day the same things about you if you could provide them. ",
        "ts": "1455154624.000038"
    },
    {
        "type": "message",
        "user": "U0KR98MLH",
        "text": "ah ok....Master: Software Engineering, I want to own my own business....first semester at U of M dearborn",
        "ts": "1455154743.000039"
    },
    {
        "type": "message",
        "user": "U0KR98MLH",
        "text": "anything else",
        "ts": "1455154747.000040"
    },
    {
        "type": "message",
        "user": "U0K46FWHH",
        "text": "Think that's it. Only going that far with introductions so.",
        "ts": "1455154865.000041"
    },
    {
        "type": "message",
        "user": "U0KR98MLH",
        "text": "good :simple_smile: yall got it...wish I can be there to see",
        "ts": "1455154889.000042"
    },
    {
        "type": "message",
        "user": "U0KR98MLH",
        "text": "I also sent an email fyi",
        "ts": "1455155078.000043"
    },
    {
        "type": "message",
        "user": "U0KR98MLH",
        "text": "I just realize I don't need to contact everyone individually...everyone did the task they said they was going to do for this week :smile:",
        "ts": "1455163886.000044",
        "reactions": [
            {
                "name": "+1",
                "users": [
                    "U0K46FWHH"
                ],
                "count": 1
            }
        ]
    }
]