[
    {
        "type": "message",
        "user": "U0KR98MLH",
        "text": "Hey everyone....my name is Camille and I will help manage your project. As I told Marc, I would like to have the tasks each team member has been working on previously, which tasks you are plan on working on this week, and any issues for the progress by Saturday night around maybe 6:00 pm but no later than Sunday afternoon around 12:30 pm. If you have any questions, you can email me or you can message on Slack.",
        "ts": "1454144148.000002"
    },
    {
        "type": "message",
        "user": "U0KF2HSHZ",
        "text": "Hey team do you think we should divide sections of the document among us and work on that next week and then put it together and make it look consistent next weekend?",
        "ts": "1454170327.000002"
    },
    {
        "type": "message",
        "user": "U0K0Q03HP",
        "text": "Definitely. Give me about an hour and I'll have something more useful to contribute to this topic. :simple_smile:",
        "ts": "1454170414.000003"
    },
    {
        "type": "message",
        "user": "U0KF2HSHZ",
        "text": "I'll start a google doc with the major headings",
        "ts": "1454171058.000004"
    },
    {
        "type": "message",
        "user": "U0K0Q03HP",
        "text": "I've been trying to find a worthwhile task manager for us for about the past week, and the only good options are not free. So instead I thought a Google Sheet would probably work for us.",
        "ts": "1454173219.000005"
    },
    {
        "type": "message",
        "subtype": "file_share",
        "text": "<@U0K0Q03HP|marc> shared a file: <https:\/\/cosmosys.slack.com\/files\/marc\/F0KRT7FU4\/tasks-part1-plan|Tasks - Part 1>",
        "file": {
            "id": "F0KRT7FU4",
            "created": 1454173240,
            "timestamp": 1454173240,
            "name": "Tasks-Part1-Plan",
            "title": "Tasks - Part 1",
            "mimetype": "application\/vnd.google-apps.spreadsheet",
            "filetype": "gsheet",
            "pretty_type": "GDocs Spreadsheet",
            "user": "U0K0Q03HP",
            "editable": false,
            "size": 1069,
            "mode": "external",
            "is_external": true,
            "external_type": "gdrive",
            "is_public": true,
            "public_url_shared": false,
            "display_as_bot": false,
            "username": "",
            "url_private": "https:\/\/docs.google.com\/a\/umich.edu\/spreadsheets\/d\/18zVrEvGbXJbiazivHktz2zsOh8f7Yd2MQTmUU80y9Cs\/edit?usp=drivesdk",
            "thumb_64": "https:\/\/slack.global.ssl.fastly.net\/66f9\/img\/files\/gsheet_64.png",
            "thumb_360": "https:\/\/slack.global.ssl.fastly.net\/66f9\/img\/files\/gsheet_360.png",
            "thumb_360_w": 360,
            "thumb_360_h": 167,
            "permalink": "https:\/\/cosmosys.slack.com\/files\/marc\/F0KRT7FU4\/tasks-part1-plan",
            "channels": [
                "C0K0QCUA3"
            ],
            "groups": [

            ],
            "ims": [

            ],
            "comments_count": 0,
            "pinned_to": [
                "C0K0QCUA3"
            ]
        },
        "user": "U0K0Q03HP",
        "upload": false,
        "display_as_bot": false,
        "username": "<@U0K0Q03HP|marc>",
        "bot_id": null,
        "ts": "1454173240.000007"
    },
    {
        "type": "message",
        "user": "U0K0Q03HP",
        "text": "It may take a tiny bit of explanation. It primarily consists of four sheets, one for each of the pieces we have to accomplish for Part 1 (Plan, Presentation, and Evaluations), and a sheet that presents some totals. Each of the sheets for the pieces should be fairly self-explanatory, except for the time column. It isn't meant as a replacement for Rodney's *real* time sheet, these are just rough estimates so that the Totals sheet will allow us to see that everyone is performing the same amount of work.",
        "ts": "1454173438.000009"
    },
    {
        "type": "message",
        "subtype": "file_share",
        "text": "<@U0KF2HSHZ|jacob> shared a file: <https:\/\/cosmosys.slack.com\/files\/jacob\/F0KRZ9ZCH\/projectpart1softwareprojectmanagementplan|Project Part 1: Software Project Management Plan>",
        "file": {
            "id": "F0KRZ9ZCH",
            "created": 1454174077,
            "timestamp": 1454174077,
            "name": "ProjectPart1SoftwareProjectManagementPlan",
            "title": "Project Part 1: Software Project Management Plan",
            "mimetype": "application\/vnd.google-apps.document",
            "filetype": "gdoc",
            "pretty_type": "GDocs Document",
            "user": "U0KF2HSHZ",
            "editable": false,
            "size": 2302,
            "mode": "external",
            "is_external": true,
            "external_type": "gdrive",
            "is_public": true,
            "public_url_shared": false,
            "display_as_bot": false,
            "username": "",
            "url_private": "https:\/\/docs.google.com\/a\/umich.edu\/document\/d\/1o06wx6S-64HjnsNl4A7I208IwL0MHcDnOdQYEmY7gxA\/edit?usp=drivesdk",
            "thumb_64": "https:\/\/slack.global.ssl.fastly.net\/66f9\/img\/files\/gdraw_64.png",
            "thumb_360": "https:\/\/slack.global.ssl.fastly.net\/272a\/img\/files\/gdoc_360.png",
            "thumb_360_w": 360,
            "thumb_360_h": 167,
            "permalink": "https:\/\/cosmosys.slack.com\/files\/jacob\/F0KRZ9ZCH\/projectpart1softwareprojectmanagementplan",
            "channels": [
                "C0K0QCUA3"
            ],
            "groups": [

            ],
            "ims": [

            ],
            "comments_count": 0,
            "pinned_to": [
                "C0K0QCUA3"
            ],
            "reactions": [
                {
                    "name": "+1",
                    "users": [
                        "U0K0Q03HP"
                    ],
                    "count": 1
                }
            ]
        },
        "user": "U0KF2HSHZ",
        "upload": false,
        "display_as_bot": false,
        "username": "<@U0KF2HSHZ|jacob>",
        "bot_id": null,
        "ts": "1454174077.000011"
    },
    {
        "type": "message",
        "user": "U0K0Q03HP",
        "text": "So, we need to start volunteering for which parts of the plan we can\/want to do, and roughly how long we think it will take us to do each part. If I recall correctly, all of section 4 will be handled by Camille with heavy input from us (e.g. she can't make a task set without a list of tasks from us).",
        "ts": "1454174541.000014"
    },
    {
        "type": "message",
        "user": "U0KF2HSHZ",
        "text": "I can do risk management, we should probably do the major software functions part together because that affects everything.",
        "ts": "1454174982.000015"
    },
    {
        "type": "message",
        "user": "U0K0Q03HP",
        "text": "You should have editing capabilities on the task sheet, so if you want to do risk management assign it to yourself and provide a rough estimate of how long you think it will take you. :simple_smile:",
        "ts": "1454175959.000016"
    },
    {
        "type": "message",
        "user": "U0KF2HSHZ",
        "text": "We should probably schedule a skype meeting or a group chat to establish the functions.",
        "ts": "1454176588.000017"
    },
    {
        "type": "message",
        "user": "U0K0Q03HP",
        "text": "<@U0K6VU7HC> and <@U0K3ZFVBL> since you guys listed Testing and strengths ( as did Jacob) I feel like it may be best if one of you handled 6.1 at the very lest.",
        "ts": "1454176594.000018"
    },
    {
        "type": "message",
        "user": "U0K0Q03HP",
        "text": "I agree Jacob, it looks like we all have weekend evenings open, this evening is a little short notice, so maybe we should plan a virtual meeting for tomorrow evening.",
        "ts": "1454176657.000019"
    },
    {
        "type": "message",
        "user": "U0KF2HSHZ",
        "text": "yeah I agree",
        "ts": "1454176706.000020"
    },
    {
        "type": "message",
        "user": "U0K46FWHH",
        "text": "How much of section 2 should be done in a group? Think the estimations will be more accurate if they were to be discussed.",
        "ts": "1454176733.000021"
    },
    {
        "type": "message",
        "user": "U0K0Q03HP",
        "text": "Agreed, additionally they'll be really difficult without knowing what additional functionality we're finally going to decide on.",
        "ts": "1454176876.000022"
    },
    {
        "type": "message",
        "user": "U0K0Q03HP",
        "text": "Speaking of the estimates... I just want to be certain you guys have given the additional workload that a GUI will bring some serious thought. Whether we do a GUI or a console app has no impact on our grade, and this project is going to take a substantial amount of time as it is. I'm okay with either, but if I recall our conversation after class on Thursday correctly, Aly and I are the only members that have experience with GUIs. Sure he and I could handle all of their coding, but the inclusion of a GUI changes the way *all* of the code needs to be approached.",
        "ts": "1454177029.000023"
    },
    {
        "type": "message",
        "user": "U0K0Q03HP",
        "text": "Keep in mind that judicious use of ANSI color codes in a console application can make it look pretty slick.",
        "ts": "1454177152.000024"
    },
    {
        "type": "message",
        "user": "U0K0Q03HP",
        "text": "Then again I may just think that because I'm old and spent too much time on BBSs in my youth. :stuck_out_tongue:",
        "ts": "1454177203.000025"
    },
    {
        "type": "message",
        "user": "U0KF2HSHZ",
        "text": "At first i thought we would have to have user inputs but it seems like all the input is from the files so I think a console application is fine.",
        "ts": "1454177456.000026"
    },
    {
        "type": "message",
        "user": "U0K0Q03HP",
        "text": "There will be user input, but it will mostly be moving between views with a little interaction to set inventory levels and the like.",
        "ts": "1454177585.000027"
    },
    {
        "type": "message",
        "user": "U0K46FWHH",
        "text": "It looks like the input only goes as far modifying inventories of the trucks, setting routes, and he mentioned in class being able to add more trucks. I think we keep both ideas in mind but we don't know what he will change about the already given functionality or if he will be adding some. Either works, just depends on whatever our devs are comfortable doing when we get all of the information.",
        "ts": "1454178932.000028"
    },
    {
        "type": "message",
        "user": "U0K6VU7HC",
        "text": "Console app is fine with me too, I think we're all pretty comfortable with C++, so if you guys would like to switch, I have no problems with that :simple_smile:",
        "ts": "1454179035.000029"
    },
    {
        "type": "message",
        "user": "U0K0Q03HP",
        "text": "I feel like if we stick with the Model-View-Controller paradigm, we won't have anything to worry about when it comes to his changes. :wink:",
        "ts": "1454179233.000030"
    },
    {
        "type": "message",
        "user": "U0K6VU7HC",
        "text": "I've signed up for 6.1 but I think it might be better to have two testers",
        "ts": "1454179778.000031"
    },
    {
        "type": "message",
        "user": "U0K0Q03HP",
        "text": "Definitely, but for right now all you're doing is coming up with a plan for how we'll be handling QA, not actually doing it. :simple_smile:",
        "ts": "1454179964.000032"
    },
    {
        "type": "message",
        "user": "U0K6VU7HC",
        "text": "haha yeah true",
        "ts": "1454180010.000033"
    },
    {
        "type": "message",
        "subtype": "pinned_item",
        "user": "U0K0Q03HP",
        "item_type": "F",
        "text": "<@U0K0Q03HP|marc> pinned <@U0KF2HSHZ|jacob>'s GDocs Document <https:\/\/cosmosys.slack.com\/files\/jacob\/F0KRZ9ZCH\/projectpart1softwareprojectmanagementplan|Project Part 1: Software Project Management Plan> to this channel.",
        "item": {
            "id": "F0KRZ9ZCH",
            "created": 1454174077,
            "timestamp": 1454174077,
            "name": "ProjectPart1SoftwareProjectManagementPlan",
            "title": "Project Part 1: Software Project Management Plan",
            "mimetype": "application\/vnd.google-apps.document",
            "filetype": "gdoc",
            "pretty_type": "GDocs Document",
            "user": "U0KF2HSHZ",
            "editable": false,
            "size": 2302,
            "mode": "external",
            "is_external": true,
            "external_type": "gdrive",
            "is_public": true,
            "public_url_shared": false,
            "display_as_bot": false,
            "username": "",
            "url_private": "https:\/\/docs.google.com\/a\/umich.edu\/document\/d\/1o06wx6S-64HjnsNl4A7I208IwL0MHcDnOdQYEmY7gxA\/edit?usp=drivesdk",
            "thumb_64": "https:\/\/slack.global.ssl.fastly.net\/66f9\/img\/files\/gdraw_64.png",
            "thumb_360": "https:\/\/slack.global.ssl.fastly.net\/272a\/img\/files\/gdoc_360.png",
            "thumb_360_w": 360,
            "thumb_360_h": 167,
            "permalink": "https:\/\/cosmosys.slack.com\/files\/jacob\/F0KRZ9ZCH\/projectpart1softwareprojectmanagementplan",
            "channels": [
                "C0K0QCUA3"
            ],
            "groups": [

            ],
            "ims": [

            ],
            "comments_count": 0,
            "pinned_to": [
                "C0K0QCUA3"
            ],
            "reactions": [
                {
                    "name": "+1",
                    "users": [
                        "U0K0Q03HP"
                    ],
                    "count": 1
                }
            ]
        },
        "ts": "1454182180.000034"
    },
    {
        "type": "message",
        "subtype": "pinned_item",
        "user": "U0K0Q03HP",
        "item_type": "F",
        "text": "<@U0K0Q03HP|marc> pinned their GDocs Spreadsheet <https:\/\/cosmosys.slack.com\/files\/marc\/F0KRT7FU4\/tasks-part1-plan|Tasks - Part 1> to this channel.",
        "item": {
            "id": "F0KRT7FU4",
            "created": 1454173240,
            "timestamp": 1454173240,
            "name": "Tasks-Part1-Plan",
            "title": "Tasks - Part 1",
            "mimetype": "application\/vnd.google-apps.spreadsheet",
            "filetype": "gsheet",
            "pretty_type": "GDocs Spreadsheet",
            "user": "U0K0Q03HP",
            "editable": false,
            "size": 1069,
            "mode": "external",
            "is_external": true,
            "external_type": "gdrive",
            "is_public": true,
            "public_url_shared": false,
            "display_as_bot": false,
            "username": "",
            "url_private": "https:\/\/docs.google.com\/a\/umich.edu\/spreadsheets\/d\/18zVrEvGbXJbiazivHktz2zsOh8f7Yd2MQTmUU80y9Cs\/edit?usp=drivesdk",
            "thumb_64": "https:\/\/slack.global.ssl.fastly.net\/66f9\/img\/files\/gsheet_64.png",
            "thumb_360": "https:\/\/slack.global.ssl.fastly.net\/66f9\/img\/files\/gsheet_360.png",
            "thumb_360_w": 360,
            "thumb_360_h": 167,
            "permalink": "https:\/\/cosmosys.slack.com\/files\/marc\/F0KRT7FU4\/tasks-part1-plan",
            "channels": [
                "C0K0QCUA3"
            ],
            "groups": [

            ],
            "ims": [

            ],
            "comments_count": 0,
            "pinned_to": [
                "C0K0QCUA3"
            ]
        },
        "ts": "1454182185.000035"
    }
]