[
    {
        "type": "message",
        "user": "U0K0Q03HP",
        "text": "Marc's Availability: M &amp; W (very limited) 2:15 PM - 4:00 PM, T &amp; Th Anytime starting a 11:00 AM or later, F Anytime starting at 5:00 PM or later, Weekends are open.",
        "ts": "1454096262.000002"
    },
    {
        "type": "message",
        "user": "U0K0Q03HP",
        "text": "Strengths: Coding, Graphics, UML, Documentation, Oral Presentation",
        "edited": {
            "user": "U0K0Q03HP",
            "ts": "1454096947.000000"
        },
        "ts": "1454096341.000003"
    },
    {
        "type": "message",
        "user": "U0K0Q03HP",
        "text": "Weaknesses: I tend to overcomplicate and try to make software too generic for ultra-reusability, this is usually unnecessary and never used, so you guys will need to keep me in check in regards to that. I'm also weak with the modern web; I did extensive web work starting in the early 90s, but I haven't touched it in about 10 years, so I don't know anything about all the great things that HTML5 is supposed to have brought to us.",
        "ts": "1454096645.000004"
    },
    {
        "type": "message",
        "user": "U0K0Q03HP",
        "text": "Strengths and weaknesses are great for our own use, so we have something to go off of when we want to decide who does what. However, for our presentation we should probably just talk about the skills of each member. When listing your skills list anything you think you're familiar enough with use that skill if we need you to, even if it might take a little dusting off.",
        "ts": "1454097294.000006"
    },
    {
        "type": "message",
        "user": "U0K0Q03HP",
        "text": "Skills: Programming (C++, C#, F#, J#, Java, Perl, R, Lua, Python, Ruby, Go, Javascript, PHP, BASIC, LaTeX, MaxScript, ), IDEs (Visual Studio, Eclipse, MonoDevelop, Dreamweaver, NetBeans), Graphics (Photoshop, Illustrator, GIMP, Inkscape), UML CASE Tools (Enterprise Architect, Visual Paradigm, Rational Rose), Other (Microsoft Office, Microsoft Project, InDesign, InCopy)",
        "ts": "1454100293.000007"
    },
    {
        "type": "message",
        "user": "U0K46FWHH",
        "text": "*Rodney Availability* M &amp; F: After 7:30PM   T &amp; TH: After class    Weekends: Open",
        "ts": "1454111771.000002"
    },
    {
        "type": "message",
        "user": "U0K46FWHH",
        "text": "Skills: Programming (C++, Python, Java)   Software(Microsoft Office, Microsoft Excel, Enterprise Architect, Visual Studio)",
        "ts": "1454112802.000003"
    },
    {
        "type": "message",
        "user": "U0K46FWHH",
        "text": "Strengths: UML, Design, Testing, Documentation",
        "ts": "1454113650.000004"
    },
    {
        "type": "message",
        "user": "U0K46FWHH",
        "text": "Weaknesses: I can be a perfectionist, I may dedicate too much time to certain tasks (Difficult with tight deadlines).",
        "ts": "1454114391.000005"
    },
    {
        "type": "message",
        "user": "U0KF2HSHZ",
        "text": "Availability M: 4-6PM,  T\/TH: 4-6PM and after class, Weekends open",
        "ts": "1454116305.000006"
    },
    {
        "type": "message",
        "user": "U0KF2HSHZ",
        "text": "Strengths: Coding, algorithms, testing and documentation .",
        "ts": "1454116451.000007"
    },
    {
        "type": "message",
        "user": "U0KF2HSHZ",
        "text": "Weaknesses: Presentation and public speaking.",
        "ts": "1454116645.000008"
    },
    {
        "type": "message",
        "user": "U0KF2HSHZ",
        "text": "Skills: Programming ( C++, Java), Software(Visual Studio, Eclipse, NetBeans, CodeBlocks, MS Office, Visio), familiar with OpenGL graphics in C++.",
        "ts": "1454116839.000009"
    },
    {
        "type": "message",
        "user": "U0K6VU7HC",
        "text": "Availability: MWF After 5:30 pm, T\/TH: After Class, Weekends: afternoons and evenings open\nStrengths: Coding, Testing, Presentation, Documentation\nWeaknesses: Time Management has never been my strong suit\nSkills: Programming (C++, C#, HTML, CSS, Java, Dr. Scheme (LISP dialect) Perl, Python, Javascript, CAPL); Software: (Visual Studio, CodeBlocks, Netbeans, MonoDevelop, Geany, CLion, DrRacket, Microsoft Office, Libre Office)",
        "ts": "1454119510.000010"
    },
    {
        "user": "U0KR98MLH",
        "type": "message",
        "subtype": "channel_join",
        "text": "<@U0KR98MLH|camillwi> has joined the channel",
        "ts": "1454121185.000011"
    },
    {
        "type": "message",
        "user": "U0KR98MLH",
        "text": "I am free on Tuesdays through Thursdays from 3:00 pm to 5:00 pm",
        "ts": "1454122010.000012"
    }
]