[
    {
        "type": "message",
        "user": "U0KR98MLH",
        "text": "Hi, just want to check up on everyone. As you know, the software project management plan is due next Thursday.....I was wondering did yall come up with any estimates yet?",
        "edited": {
            "user": "U0KR98MLH",
            "ts": "1454546160.000000"
        },
        "ts": "1454546107.000002"
    },
    {
        "type": "message",
        "user": "U0KR98MLH",
        "text": "Also, I want to know if there is any issues so far.",
        "ts": "1454546131.000003"
    },
    {
        "type": "message",
        "user": "U0KR98MLH",
        "text": "As you all start to send me information for the software project management plan, I decided to just type it in Word instead of google docs...when I'm done I can try to upload to google docs so you can see if an approve it....",
        "edited": {
            "user": "U0KR98MLH",
            "ts": "1454546598.000000"
        },
        "ts": "1454546374.000005"
    },
    {
        "type": "message",
        "user": "U0KR98MLH",
        "text": "if you have any questions or concerns just let me know",
        "edited": {
            "user": "U0KR98MLH",
            "ts": "1454546611.000000"
        },
        "ts": "1454546387.000006"
    }
]