[
    {
        "type": "message",
        "user": "U0K0Q03HP",
        "text": "Availabilities, strengths and weaknesses, additional functionality",
        "ts": "1454030311.000002"
    },
    {
        "type": "message",
        "user": "U0K3ZFVBL",
        "text": "M :  5 p.m ----9 p.m   T&amp;Th: 12:00----2:00 p.m   4 p.m. ---- 9 p.m.( including class time)",
        "ts": "1454031499.000002"
    },
    {
        "type": "message",
        "user": "U0K3ZFVBL",
        "text": "W: 10 a.m---- 2 p.m    4 p.m----6 p.m   F: 2 p.m ---- 7 p.m   Weekend: can be scheduled",
        "ts": "1454031629.000003"
    },
    {
        "type": "message",
        "user": "U0K3ZFVBL",
        "text": "Strength : Soft Engineering tool( Variety of Diagrams and charts like user case, timeline, activity diagram, E-R model )      Database Design,  Testing,  Documentation",
        "ts": "1454032396.000004"
    },
    {
        "type": "message",
        "user": "U0K3ZFVBL",
        "text": "Weaknesses :  Coding,   English Writing(compare to American college writing) ,  Oral Speaking at presentation",
        "ts": "1454032757.000005"
    }
]