[
    {
        "type": "message",
        "subtype": "file_share",
        "text": "<@U0KR98MLH|camillwi> uploaded a file: <https:\/\/cosmosys.slack.com\/files\/camillwi\/F0LMVAFTJ\/software_managment_plan_williams.docx|Software Managment Plan_Williams.docx> and commented: I just updated my sections....",
        "file": {
            "id": "F0LMVAFTJ",
            "created": 1455035876,
            "timestamp": 1455035876,
            "name": "Software Managment Plan_Williams.docx",
            "title": "Software Managment Plan_Williams.docx",
            "mimetype": "application\/vnd.openxmlformats-officedocument.wordprocessingml.document",
            "filetype": "docx",
            "pretty_type": "Word Document",
            "user": "U0KR98MLH",
            "editable": false,
            "size": 181156,
            "mode": "hosted",
            "is_external": false,
            "external_type": "",
            "is_public": true,
            "public_url_shared": false,
            "display_as_bot": false,
            "username": "",
            "url_private": "https:\/\/files.slack.com\/files-pri\/T0K0Q9FS6-F0LMVAFTJ\/software_managment_plan_williams.docx?t=xoxe-19024321890-21146617878-21145424849-0c687236a6",
            "url_private_download": "https:\/\/files.slack.com\/files-pri\/T0K0Q9FS6-F0LMVAFTJ\/download\/software_managment_plan_williams.docx?t=xoxe-19024321890-21146617878-21145424849-0c687236a6",
            "permalink": "https:\/\/cosmosys.slack.com\/files\/camillwi\/F0LMVAFTJ\/software_managment_plan_williams.docx",
            "permalink_public": "https:\/\/slack-files.com\/T0K0Q9FS6-F0LMVAFTJ-6915e21466",
            "channels": [
                "C0K0QCUA3"
            ],
            "groups": [

            ],
            "ims": [

            ],
            "comments_count": 1,
            "initial_comment": {
                "id": "Fc0LMR4RRB",
                "created": 1455035876,
                "timestamp": 1455035876,
                "user": "U0KR98MLH",
                "comment": "I just updated my sections...."
            }
        },
        "user": "U0KR98MLH",
        "upload": true,
        "display_as_bot": false,
        "username": "<@U0KR98MLH|camillwi>",
        "bot_id": null,
        "ts": "1455035876.000002"
    },
    {
        "type": "message",
        "subtype": "file_share",
        "text": "<@U0KR98MLH|camillwi> uploaded a file: <https:\/\/cosmosys.slack.com\/files\/camillwi\/F0LPL2QHZ\/software_managment_plan_williams.docx|Software Managment Plan_Williams.docx> and commented: I just had the team name on the first page...I try to change the subheading size to be smaller than the main heading...but it would be harder to see with all the text....i tried to make the tables smaller but some tables are going to overflow pages..and we don't want a lot of blank spaces",
        "file": {
            "id": "F0LPL2QHZ",
            "created": 1455077987,
            "timestamp": 1455077987,
            "name": "Software Managment Plan_Williams.docx",
            "title": "Software Managment Plan_Williams.docx",
            "mimetype": "application\/vnd.openxmlformats-officedocument.wordprocessingml.document",
            "filetype": "docx",
            "pretty_type": "Word Document",
            "user": "U0KR98MLH",
            "editable": false,
            "size": 150563,
            "mode": "hosted",
            "is_external": false,
            "external_type": "",
            "is_public": true,
            "public_url_shared": false,
            "display_as_bot": false,
            "username": "",
            "url_private": "https:\/\/files.slack.com\/files-pri\/T0K0Q9FS6-F0LPL2QHZ\/software_managment_plan_williams.docx?t=xoxe-19024321890-21146617878-21145424849-0c687236a6",
            "url_private_download": "https:\/\/files.slack.com\/files-pri\/T0K0Q9FS6-F0LPL2QHZ\/download\/software_managment_plan_williams.docx?t=xoxe-19024321890-21146617878-21145424849-0c687236a6",
            "permalink": "https:\/\/cosmosys.slack.com\/files\/camillwi\/F0LPL2QHZ\/software_managment_plan_williams.docx",
            "permalink_public": "https:\/\/slack-files.com\/T0K0Q9FS6-F0LPL2QHZ-f44efec536",
            "channels": [
                "C0K0QCUA3"
            ],
            "groups": [

            ],
            "ims": [

            ],
            "comments_count": 1,
            "initial_comment": {
                "id": "Fc0LPPJDFS",
                "created": 1455077987,
                "timestamp": 1455077987,
                "user": "U0KR98MLH",
                "comment": "I just had the team name on the first page...I try to change the subheading size to be smaller than the main heading...but it would be harder to see with all the text....i tried to make the tables smaller but some tables are going to overflow pages..and we don't want a lot of blank spaces"
            }
        },
        "user": "U0KR98MLH",
        "upload": true,
        "display_as_bot": false,
        "username": "<@U0KR98MLH|camillwi>",
        "bot_id": null,
        "ts": "1455077988.000002"
    },
    {
        "type": "message",
        "subtype": "file_share",
        "text": "<@U0K0Q03HP|marc> uploaded a file: <https:\/\/cosmosys.slack.com\/files\/marc\/F0LPL8Y1Z\/software_managment_plan_williams_reviewed.docx|Software Managment Plan_Williams_reviewed.docx> and commented: Hi Camille, we used the last part of our meeting tonight to go over the SPMP together and made a few minor changes. You'll find that they are all commented on so they'll be easy to find. There were also some aesthetic issues we wanted addressed but I think you've already been contacted about that. Is there some reason why the format used in the Google Doc wouldn't work? From what I understand there isn't supposed to be a cover page, but everything should work as it was.",
        "file": {
            "id": "F0LPL8Y1Z",
            "created": 1455078291,
            "timestamp": 1455078291,
            "name": "Software Managment Plan_Williams_reviewed.docx",
            "title": "Software Managment Plan_Williams_reviewed.docx",
            "mimetype": "application\/vnd.openxmlformats-officedocument.wordprocessingml.document",
            "filetype": "docx",
            "pretty_type": "Word Document",
            "user": "U0K0Q03HP",
            "editable": false,
            "size": 183001,
            "mode": "hosted",
            "is_external": false,
            "external_type": "",
            "is_public": true,
            "public_url_shared": false,
            "display_as_bot": false,
            "username": "",
            "url_private": "https:\/\/files.slack.com\/files-pri\/T0K0Q9FS6-F0LPL8Y1Z\/software_managment_plan_williams_reviewed.docx?t=xoxe-19024321890-21146617878-21145424849-0c687236a6",
            "url_private_download": "https:\/\/files.slack.com\/files-pri\/T0K0Q9FS6-F0LPL8Y1Z\/download\/software_managment_plan_williams_reviewed.docx?t=xoxe-19024321890-21146617878-21145424849-0c687236a6",
            "permalink": "https:\/\/cosmosys.slack.com\/files\/marc\/F0LPL8Y1Z\/software_managment_plan_williams_reviewed.docx",
            "permalink_public": "https:\/\/slack-files.com\/T0K0Q9FS6-F0LPL8Y1Z-7885c2e2b7",
            "channels": [
                "C0K0QCUA3"
            ],
            "groups": [

            ],
            "ims": [

            ],
            "comments_count": 1,
            "initial_comment": {
                "id": "Fc0LPL8Y8K",
                "created": 1455078291,
                "timestamp": 1455078291,
                "user": "U0K0Q03HP",
                "comment": "Hi Camille, we used the last part of our meeting tonight to go over the SPMP together and made a few minor changes. You'll find that they are all commented on so they'll be easy to find. There were also some aesthetic issues we wanted addressed but I think you've already been contacted about that. Is there some reason why the format used in the Google Doc wouldn't work? From what I understand there isn't supposed to be a cover page, but everything should work as it was."
            }
        },
        "user": "U0K0Q03HP",
        "upload": true,
        "display_as_bot": false,
        "username": "<@U0K0Q03HP|marc>",
        "bot_id": null,
        "ts": "1455078292.000003"
    },
    {
        "type": "message",
        "user": "U0K0Q03HP",
        "text": "I also noticed at least one change of our content from the Google Doc to the Word document. I understand if you want to copy and paste it into Word before submitting but making changes to any of our content outside of Google Docs breaks our change control plan.",
        "ts": "1455078418.000005"
    },
    {
        "type": "message",
        "subtype": "file_share",
        "text": "<@U0KR98MLH|camillwi> uploaded a file: <https:\/\/cosmosys.slack.com\/files\/camillwi\/F0LPPMXPU\/software_managment_plan_williams.docx|Software Managment Plan_Williams.docx> and commented: with the added revision Marc uploaded",
        "file": {
            "id": "F0LPPMXPU",
            "created": 1455079160,
            "timestamp": 1455079160,
            "name": "Software Managment Plan_Williams.docx",
            "title": "Software Managment Plan_Williams.docx",
            "mimetype": "application\/vnd.openxmlformats-officedocument.wordprocessingml.document",
            "filetype": "docx",
            "pretty_type": "Word Document",
            "user": "U0KR98MLH",
            "editable": false,
            "size": 152752,
            "mode": "hosted",
            "is_external": false,
            "external_type": "",
            "is_public": true,
            "public_url_shared": false,
            "display_as_bot": false,
            "username": "",
            "url_private": "https:\/\/files.slack.com\/files-pri\/T0K0Q9FS6-F0LPPMXPU\/software_managment_plan_williams.docx?t=xoxe-19024321890-21146617878-21145424849-0c687236a6",
            "url_private_download": "https:\/\/files.slack.com\/files-pri\/T0K0Q9FS6-F0LPPMXPU\/download\/software_managment_plan_williams.docx?t=xoxe-19024321890-21146617878-21145424849-0c687236a6",
            "permalink": "https:\/\/cosmosys.slack.com\/files\/camillwi\/F0LPPMXPU\/software_managment_plan_williams.docx",
            "permalink_public": "https:\/\/slack-files.com\/T0K0Q9FS6-F0LPPMXPU-d5ba5d83f1",
            "channels": [
                "C0K0QCUA3"
            ],
            "groups": [

            ],
            "ims": [

            ],
            "comments_count": 1,
            "initial_comment": {
                "id": "Fc0LPQBRLN",
                "created": 1455079160,
                "timestamp": 1455079160,
                "user": "U0KR98MLH",
                "comment": "with the added revision Marc uploaded"
            }
        },
        "user": "U0KR98MLH",
        "upload": true,
        "display_as_bot": false,
        "username": "<@U0KR98MLH|camillwi>",
        "bot_id": null,
        "ts": "1455079160.000007"
    },
    {
        "type": "message",
        "user": "U0KR98MLH",
        "text": "for now on if I add or change anything I note it on google docs",
        "ts": "1455079200.000008"
    },
    {
        "type": "message",
        "user": "U0KR98MLH",
        "text": "let me know if the the latest revision is a go",
        "ts": "1455079233.000009"
    },
    {
        "type": "message",
        "user": "U0KR98MLH",
        "text": "thanks for all of yall hard work",
        "ts": "1455079435.000010"
    },
    {
        "type": "message",
        "user": "U0K0Q03HP",
        "text": "We can't approve it until they match. It will violate our change control chain.",
        "ts": "1455079693.000011"
    },
    {
        "type": "message",
        "user": "U0K0Q03HP",
        "text": "I noticed you added to the math at the end of the Function Point estimation. I think it's awesome that you checked our math, but the change you made is unnecessary as all Function Point calculations are expected to be rounded up.",
        "ts": "1455079798.000012"
    },
    {
        "type": "message",
        "user": "U0KR98MLH",
        "text": "Oh ok...so just make everything match the the google doc?",
        "ts": "1455080066.000013"
    },
    {
        "type": "message",
        "user": "U0KR98MLH",
        "text": "so take the unnecessary stuff out....ok",
        "ts": "1455080097.000014"
    },
    {
        "type": "message",
        "user": "U0KR98MLH",
        "text": "let me take a look",
        "ts": "1455080109.000015"
    },
    {
        "type": "message",
        "user": "U0K0Q03HP",
        "text": "No I mean that modifying our content outside of the Google Doc breaks the change control because there is no revision history for it. Adding your content just within your document is sort of okay because you could consider its revision history to reside within that document. But modifying the content (not the formatting) of our sections gives us a broken SCM artifact because they have divergent revision histories.",
        "ts": "1455080619.000016"
    },
    {
        "type": "message",
        "user": "U0K0Q03HP",
        "text": "It was a mistake on all of our parts. We figured it would be okay if you put it into a Word document afterwards, but now we have two copies and no idea which part of which is the most recent revision.",
        "ts": "1455081348.000017"
    },
    {
        "type": "message",
        "user": "U0K0Q03HP",
        "text": "It's a good learning experience about change control. :simple_smile: ",
        "ts": "1455081482.000018"
    },
    {
        "type": "message",
        "subtype": "file_share",
        "text": "<@U0KR98MLH|camillwi> uploaded a file: <https:\/\/cosmosys.slack.com\/files\/camillwi\/F0LPRQ9AB\/software_managment_plan_williams.docx|Software Managment Plan_Williams.docx> and commented: Ok....I believe this match up what you all have on google docs...again....what I upload is the most recent documentation...make sure I didn't miss anything",
        "file": {
            "id": "F0LPRQ9AB",
            "created": 1455082386,
            "timestamp": 1455082386,
            "name": "Software Managment Plan_Williams.docx",
            "title": "Software Managment Plan_Williams.docx",
            "mimetype": "application\/vnd.openxmlformats-officedocument.wordprocessingml.document",
            "filetype": "docx",
            "pretty_type": "Word Document",
            "user": "U0KR98MLH",
            "editable": false,
            "size": 153223,
            "mode": "hosted",
            "is_external": false,
            "external_type": "",
            "is_public": true,
            "public_url_shared": false,
            "display_as_bot": false,
            "username": "",
            "url_private": "https:\/\/files.slack.com\/files-pri\/T0K0Q9FS6-F0LPRQ9AB\/software_managment_plan_williams.docx?t=xoxe-19024321890-21146617878-21145424849-0c687236a6",
            "url_private_download": "https:\/\/files.slack.com\/files-pri\/T0K0Q9FS6-F0LPRQ9AB\/download\/software_managment_plan_williams.docx?t=xoxe-19024321890-21146617878-21145424849-0c687236a6",
            "permalink": "https:\/\/cosmosys.slack.com\/files\/camillwi\/F0LPRQ9AB\/software_managment_plan_williams.docx",
            "permalink_public": "https:\/\/slack-files.com\/T0K0Q9FS6-F0LPRQ9AB-045e6b5af2",
            "channels": [
                "C0K0QCUA3"
            ],
            "groups": [

            ],
            "ims": [

            ],
            "comments_count": 1,
            "initial_comment": {
                "id": "Fc0LPP3F35",
                "created": 1455082386,
                "timestamp": 1455082386,
                "user": "U0KR98MLH",
                "comment": "Ok....I believe this match up what you all have on google docs...again....what I upload is the most recent documentation...make sure I didn't miss anything"
            }
        },
        "user": "U0KR98MLH",
        "upload": true,
        "display_as_bot": false,
        "username": "<@U0KR98MLH|camillwi>",
        "bot_id": null,
        "ts": "1455082386.000023"
    },
    {
        "type": "message",
        "user": "U0KR98MLH",
        "text": "<@U0K0Q03HP>: so moving forward so we won't have a problem with change control....what do you propose in keeping track between google docs and me using word?",
        "ts": "1455082887.000028"
    },
    {
        "type": "message",
        "user": "U0K0Q03HP",
        "text": "As long as no changes are made to the content of our sections outside of Google Docs everything should be good. :simple_smile:",
        "ts": "1455085405.000029"
    }
]