[
    {
        "type": "message",
        "user": "U0K0Q03HP",
        "text": "<@U0KR98MLH>: You may not want to upload it to Docs because doing so *will* change how it looks. You could always just upload it to Slack so we can see it how you made it and not how Docs interprets it.",
        "ts": "1454781058.000002"
    },
    {
        "type": "message",
        "user": "U0K0Q03HP",
        "text": "On that same note, since you're using Word to compile the SPMP I've uploaded a copy of the team logo to <#C0K3Y74LW>  in the best format for use in Word (.emf)",
        "ts": "1454781101.000003"
    },
    {
        "type": "message",
        "user": "U0KR98MLH",
        "text": "ok i was thinking the same thing ok",
        "ts": "1454781106.000004"
    },
    {
        "type": "message",
        "user": "U0KR98MLH",
        "text": "yes perfect",
        "ts": "1454781151.000005"
    },
    {
        "type": "message",
        "user": "U0KR98MLH",
        "text": "hello everyone....just wondering if you all going to send me your weekly status report for this past week....or are you going to submit that information as well as the information for the software management plan at 6;00 pm today?",
        "ts": "1454785465.000006"
    },
    {
        "type": "message",
        "user": "U0K0Q03HP",
        "text": "I'll be sending you a group progress report by 6PM. We were told that our progress report from last week was far too detailed and we don't need to do it individually, but just as a group. :simple_smile:",
        "ts": "1454785522.000007"
    },
    {
        "type": "message",
        "user": "U0KR98MLH",
        "text": "you can still send me the format like how you did last week....i need to make it different...that was my fault",
        "edited": {
            "user": "U0KR98MLH",
            "ts": "1454785586.000000"
        },
        "ts": "1454785561.000008"
    },
    {
        "type": "message",
        "user": "U0KR98MLH",
        "text": "and ok thanks",
        "ts": "1454785637.000010"
    },
    {
        "type": "message",
        "user": "U0K0Q03HP",
        "text": "As for the SPMP you had requested it by 6PM on Sunday, and that is what we are aiming for.",
        "ts": "1454785655.000011"
    },
    {
        "type": "message",
        "user": "U0KR98MLH",
        "text": "sorry thats what i meant....",
        "ts": "1454785671.000012"
    },
    {
        "type": "message",
        "user": "U0KR98MLH",
        "text": "so the progress report will be ready tonight at 6pm and the plan will be ready by tomorrow at 6pm...ok im going to write this down",
        "ts": "1454785716.000013"
    },
    {
        "type": "message",
        "user": "U0KR98MLH",
        "text": "I like how you broke it down for each team member from last week progress report....so i like to still have that for my notes...i will change the format to submit it to the professor",
        "edited": {
            "user": "U0KR98MLH",
            "ts": "1454785842.000000"
        },
        "ts": "1454785774.000014"
    },
    {
        "type": "message",
        "user": "U0K0Q03HP",
        "text": "Okay :simple_smile:",
        "ts": "1454785941.000016"
    },
    {
        "type": "message",
        "user": "U0KR98MLH",
        "text": "thanks again marc",
        "ts": "1454785983.000017"
    },
    {
        "type": "message",
        "subtype": "file_share",
        "text": "<@U0KR98MLH|camillwi> uploaded a file: <https:\/\/cosmosys.slack.com\/files\/camillwi\/F0LFRKKQU\/progress_report_williams.docx|Progress Report_Williams.docx> and commented: Let me know what yall think",
        "file": {
            "id": "F0LFRKKQU",
            "created": 1454827776,
            "timestamp": 1454827776,
            "name": "Progress Report_Williams.docx",
            "title": "Progress Report_Williams.docx",
            "mimetype": "application\/vnd.openxmlformats-officedocument.wordprocessingml.document",
            "filetype": "docx",
            "pretty_type": "Word Document",
            "user": "U0KR98MLH",
            "editable": false,
            "size": 41713,
            "mode": "hosted",
            "is_external": false,
            "external_type": "",
            "is_public": true,
            "public_url_shared": false,
            "display_as_bot": false,
            "username": "",
            "url_private": "https:\/\/files.slack.com\/files-pri\/T0K0Q9FS6-F0LFRKKQU\/progress_report_williams.docx?t=xoxe-19024321890-21146617878-21145424849-0c687236a6",
            "url_private_download": "https:\/\/files.slack.com\/files-pri\/T0K0Q9FS6-F0LFRKKQU\/download\/progress_report_williams.docx?t=xoxe-19024321890-21146617878-21145424849-0c687236a6",
            "permalink": "https:\/\/cosmosys.slack.com\/files\/camillwi\/F0LFRKKQU\/progress_report_williams.docx",
            "permalink_public": "https:\/\/slack-files.com\/T0K0Q9FS6-F0LFRKKQU-de56db25ca",
            "channels": [
                "C0K0QCUA3"
            ],
            "groups": [

            ],
            "ims": [

            ],
            "comments_count": 1,
            "initial_comment": {
                "id": "Fc0LFY2H39",
                "created": 1454827776,
                "timestamp": 1454827776,
                "user": "U0KR98MLH",
                "comment": "Let me know what yall think"
            },
            "reactions": [
                {
                    "name": "+1",
                    "users": [
                        "U0K0Q03HP",
                        "U0K46FWHH"
                    ],
                    "count": 2
                }
            ]
        },
        "user": "U0KR98MLH",
        "upload": true,
        "display_as_bot": false,
        "username": "<@U0KR98MLH|camillwi>",
        "bot_id": null,
        "ts": "1454827776.000018"
    }
]