[
    {
        "type": "message",
        "user": "U0KR98MLH",
        "text": "I made a comment in the document about the Functional Decomposition",
        "ts": "1454945413.000050"
    },
    {
        "type": "message",
        "subtype": "file_share",
        "text": "<@U0KR98MLH|camillwi> uploaded a file: <https:\/\/cosmosys.slack.com\/files\/camillwi\/F0LKYG211\/software_managment_plan_williams.docx|Software Managment Plan_Williams.docx> and commented: Here is the Software Management Plan. Look over everything. If you feel there is something missing or wrong, please discuss it at tomorrow night meeting. My opinion, everyone did a great job putting this together.",
        "file": {
            "id": "F0LKYG211",
            "created": 1454981315,
            "timestamp": 1454981315,
            "name": "Software Managment Plan_Williams.docx",
            "title": "Software Managment Plan_Williams.docx",
            "mimetype": "application\/vnd.openxmlformats-officedocument.wordprocessingml.document",
            "filetype": "docx",
            "pretty_type": "Word Document",
            "user": "U0KR98MLH",
            "editable": false,
            "size": 178426,
            "mode": "hosted",
            "is_external": false,
            "external_type": "",
            "is_public": true,
            "public_url_shared": false,
            "display_as_bot": false,
            "username": "",
            "url_private": "https:\/\/files.slack.com\/files-pri\/T0K0Q9FS6-F0LKYG211\/software_managment_plan_williams.docx?t=xoxe-19024321890-21146617878-21145424849-0c687236a6",
            "url_private_download": "https:\/\/files.slack.com\/files-pri\/T0K0Q9FS6-F0LKYG211\/download\/software_managment_plan_williams.docx?t=xoxe-19024321890-21146617878-21145424849-0c687236a6",
            "permalink": "https:\/\/cosmosys.slack.com\/files\/camillwi\/F0LKYG211\/software_managment_plan_williams.docx",
            "permalink_public": "https:\/\/slack-files.com\/T0K0Q9FS6-F0LKYG211-bc3f9d6df1",
            "channels": [
                "C0K0QCUA3"
            ],
            "groups": [

            ],
            "ims": [

            ],
            "comments_count": 1,
            "initial_comment": {
                "id": "Fc0LKYG22F",
                "created": 1454981315,
                "timestamp": 1454981315,
                "user": "U0KR98MLH",
                "comment": "Here is the Software Management Plan. Look over everything. If you feel there is something missing or wrong, please discuss it at tomorrow night meeting. My opinion, everyone did a great job putting this together."
            }
        },
        "user": "U0KR98MLH",
        "upload": true,
        "display_as_bot": false,
        "username": "<@U0KR98MLH|camillwi>",
        "bot_id": null,
        "ts": "1454981315.000002"
    },
    {
        "type": "message",
        "user": "U0KR98MLH",
        "text": "Marc contacted me and we made some changes. Again look over it...discuss it...and get back with me...I would like everyone to agree to it by Wednesday (Feb. 10) at 9:00 pm..... no later than Thursday (Feb. 11th) at 2:00 pm. Thanks everyone and great job. :simple_smile:",
        "ts": "1454981481.000003"
    },
    {
        "type": "message",
        "user": "U0KF2HSHZ",
        "text": "I think it looks good.",
        "ts": "1454985968.000004"
    },
    {
        "type": "message",
        "user": "U0K0Q03HP",
        "text": "Hi Camille, I'm not sure if you get similar slides during your lectures, but the Task Network doesn't look like the one he showed us. If you'd like I could upload the slides I'm referring to.",
        "ts": "1454987099.000005"
    },
    {
        "type": "message",
        "user": "U0KR98MLH",
        "text": "yes",
        "ts": "1454988172.000006"
    },
    {
        "type": "message",
        "subtype": "file_share",
        "text": "<@U0K0Q03HP|marc> uploaded a file: <https:\/\/cosmosys.slack.com\/files\/marc\/F0LL1MPJQ\/2_-_software_engineering_project_management.pptx|2 - Software Engineering Project Management.pptx> and commented: Slides 42 - 52",
        "file": {
            "id": "F0LL1MPJQ",
            "created": 1454988806,
            "timestamp": 1454988806,
            "name": "2 - Software Engineering Project Management.pptx",
            "title": "2 - Software Engineering Project Management.pptx",
            "mimetype": "application\/vnd.openxmlformats-officedocument.presentationml.presentation",
            "filetype": "pptx",
            "pretty_type": "PowerPoint Presentation",
            "user": "U0K0Q03HP",
            "editable": false,
            "size": 249066,
            "mode": "hosted",
            "is_external": false,
            "external_type": "",
            "is_public": true,
            "public_url_shared": false,
            "display_as_bot": false,
            "username": "",
            "url_private": "https:\/\/files.slack.com\/files-pri\/T0K0Q9FS6-F0LL1MPJQ\/2_-_software_engineering_project_management.pptx?t=xoxe-19024321890-21146617878-21145424849-0c687236a6",
            "url_private_download": "https:\/\/files.slack.com\/files-pri\/T0K0Q9FS6-F0LL1MPJQ\/download\/2_-_software_engineering_project_management.pptx?t=xoxe-19024321890-21146617878-21145424849-0c687236a6",
            "permalink": "https:\/\/cosmosys.slack.com\/files\/marc\/F0LL1MPJQ\/2_-_software_engineering_project_management.pptx",
            "permalink_public": "https:\/\/slack-files.com\/T0K0Q9FS6-F0LL1MPJQ-210672b79a",
            "channels": [
                "C0K0QCUA3"
            ],
            "groups": [

            ],
            "ims": [

            ],
            "comments_count": 1,
            "initial_comment": {
                "id": "Fc0LL7QJJK",
                "created": 1454988806,
                "timestamp": 1454988806,
                "user": "U0K0Q03HP",
                "comment": "Slides 42 - 52"
            }
        },
        "user": "U0K0Q03HP",
        "upload": true,
        "display_as_bot": false,
        "username": "<@U0K0Q03HP|marc>",
        "bot_id": null,
        "ts": "1454988806.000007"
    },
    {
        "type": "message",
        "user": "U0KR98MLH",
        "text": "thanks and just looking over the slides real quick, you listed Early Start (ES), Early Finish (EF), Late Start (LS) and Late Finish (LF) in the chart you provided <@U0K0Q03HP>",
        "ts": "1454989202.000008"
    },
    {
        "type": "message",
        "user": "U0K0Q03HP",
        "text": "ES, EF, LS, LF come from the Task Network and backtracking",
        "ts": "1454991076.000009"
    }
]