[
    {
        "type": "message",
        "user": "U0K0Q03HP",
        "text": "Looks good to me. After everyone else confirms, I'll upload it to our Canvas.",
        "ts": "1454861694.000020"
    },
    {
        "type": "message",
        "user": "U0KF2HSHZ",
        "text": "looks good",
        "ts": "1454862106.000021"
    },
    {
        "type": "message",
        "user": "U0K46FWHH",
        "text": "Good to me.",
        "ts": "1454864045.000022"
    },
    {
        "type": "message",
        "user": "U0K6VU7HC",
        "text": "looks good to me, i think the date created is from last week though?",
        "ts": "1454868094.000024"
    },
    {
        "type": "message",
        "user": "U0KR98MLH",
        "text": "what should it be?",
        "ts": "1454868110.000025"
    },
    {
        "type": "message",
        "user": "U0K6VU7HC",
        "text": "today's date i think should be good",
        "ts": "1454868152.000026"
    },
    {
        "type": "message",
        "user": "U0K0Q03HP",
        "text": "You'll notice last week report is after this weeks, it's technically accurate that the document was created when it says it was. Maybe include an revised date?",
        "ts": "1454868206.000027"
    },
    {
        "type": "message",
        "user": "U0KR98MLH",
        "text": "i changed it",
        "ts": "1454868228.000028"
    },
    {
        "type": "message",
        "user": "U0K6VU7HC",
        "text": "yeah that would work too",
        "ts": "1454868232.000029"
    },
    {
        "type": "message",
        "subtype": "file_share",
        "text": "<@U0KR98MLH|camillwi> uploaded a file: <https:\/\/cosmosys.slack.com\/files\/camillwi\/F0LGGP50R\/progress_report_williams.docx|Progress Report_Williams.docx>",
        "file": {
            "id": "F0LGGP50R",
            "created": 1454868243,
            "timestamp": 1454868243,
            "name": "Progress Report_Williams.docx",
            "title": "Progress Report_Williams.docx",
            "mimetype": "application\/vnd.openxmlformats-officedocument.wordprocessingml.document",
            "filetype": "docx",
            "pretty_type": "Word Document",
            "user": "U0KR98MLH",
            "editable": false,
            "size": 41859,
            "mode": "hosted",
            "is_external": false,
            "external_type": "",
            "is_public": true,
            "public_url_shared": false,
            "display_as_bot": false,
            "username": "",
            "url_private": "https:\/\/files.slack.com\/files-pri\/T0K0Q9FS6-F0LGGP50R\/progress_report_williams.docx?t=xoxe-19024321890-21146617878-21145424849-0c687236a6",
            "url_private_download": "https:\/\/files.slack.com\/files-pri\/T0K0Q9FS6-F0LGGP50R\/download\/progress_report_williams.docx?t=xoxe-19024321890-21146617878-21145424849-0c687236a6",
            "permalink": "https:\/\/cosmosys.slack.com\/files\/camillwi\/F0LGGP50R\/progress_report_williams.docx",
            "permalink_public": "https:\/\/slack-files.com\/T0K0Q9FS6-F0LGGP50R-2d3b448368",
            "channels": [
                "C0K0QCUA3"
            ],
            "groups": [

            ],
            "ims": [

            ],
            "comments_count": 0
        },
        "user": "U0KR98MLH",
        "upload": true,
        "display_as_bot": false,
        "username": "<@U0KR98MLH|camillwi>",
        "bot_id": null,
        "ts": "1454868244.000030"
    },
    {
        "type": "message",
        "user": "U0KR98MLH",
        "text": "which one...created or revise",
        "ts": "1454868286.000031"
    },
    {
        "type": "message",
        "user": "U0K6VU7HC",
        "text": "i think revised would be a more accurate term",
        "ts": "1454868332.000032"
    },
    {
        "type": "message",
        "user": "U0K0Q03HP",
        "text": "Camille, are you going to be including all the previous reports in every revision of this document?",
        "ts": "1454868374.000033"
    },
    {
        "type": "message",
        "user": "U0KR98MLH",
        "text": "yes...thats what the professor wants",
        "ts": "1454868401.000034"
    },
    {
        "type": "message",
        "subtype": "file_share",
        "text": "<@U0KR98MLH|camillwi> uploaded a file: <https:\/\/cosmosys.slack.com\/files\/camillwi\/F0LGELFT5\/progress_report_williams.docx|Progress Report_Williams.docx>",
        "file": {
            "id": "F0LGELFT5",
            "created": 1454868537,
            "timestamp": 1454868537,
            "name": "Progress Report_Williams.docx",
            "title": "Progress Report_Williams.docx",
            "mimetype": "application\/vnd.openxmlformats-officedocument.wordprocessingml.document",
            "filetype": "docx",
            "pretty_type": "Word Document",
            "user": "U0KR98MLH",
            "editable": false,
            "size": 41813,
            "mode": "hosted",
            "is_external": false,
            "external_type": "",
            "is_public": true,
            "public_url_shared": false,
            "display_as_bot": false,
            "username": "",
            "url_private": "https:\/\/files.slack.com\/files-pri\/T0K0Q9FS6-F0LGELFT5\/progress_report_williams.docx?t=xoxe-19024321890-21146617878-21145424849-0c687236a6",
            "url_private_download": "https:\/\/files.slack.com\/files-pri\/T0K0Q9FS6-F0LGELFT5\/download\/progress_report_williams.docx?t=xoxe-19024321890-21146617878-21145424849-0c687236a6",
            "permalink": "https:\/\/cosmosys.slack.com\/files\/camillwi\/F0LGELFT5\/progress_report_williams.docx",
            "permalink_public": "https:\/\/slack-files.com\/T0K0Q9FS6-F0LGELFT5-9aba52c60a",
            "channels": [
                "C0K0QCUA3"
            ],
            "groups": [

            ],
            "ims": [

            ],
            "comments_count": 0
        },
        "user": "U0KR98MLH",
        "upload": true,
        "display_as_bot": false,
        "username": "<@U0KR98MLH|camillwi>",
        "bot_id": null,
        "ts": "1454868537.000035"
    },
    {
        "type": "message",
        "user": "U0K3ZFVBL",
        "text": "it loos fine for me",
        "ts": "1454879189.000038"
    },
    {
        "type": "message",
        "user": "U0K3ZFVBL",
        "text": "do we need specify what we did this week individually?",
        "ts": "1454879233.000039"
    },
    {
        "type": "message",
        "user": "U0KR98MLH",
        "text": "no...this is how it suppose to look",
        "ts": "1454879743.000042"
    },
    {
        "type": "message",
        "user": "U0KR98MLH",
        "text": "hey I have feedback for the introduction...",
        "ts": "1454882569.000043"
    },
    {
        "type": "message",
        "user": "U0KR98MLH",
        "text": "this introduction suppose to provide a brief description of the project",
        "ts": "1454882587.000044"
    },
    {
        "type": "message",
        "user": "U0KR98MLH",
        "text": "<@U0K0Q03HP>:  could you change or assign someone to change the introduction",
        "ts": "1454882626.000045",
        "reactions": [
            {
                "name": "white_check_mark",
                "users": [
                    "U0K0Q03HP"
                ],
                "count": 1
            }
        ]
    },
    {
        "type": "message",
        "user": "U0KR98MLH",
        "text": "im adding comments to the document.....take a look at it",
        "ts": "1454883350.000046",
        "reactions": [
            {
                "name": "white_check_mark",
                "users": [
                    "U0K0Q03HP"
                ],
                "count": 1
            }
        ]
    },
    {
        "type": "message",
        "user": "U0KR98MLH",
        "text": "is anyone making changes to the software management plan?",
        "ts": "1454892083.000047"
    },
    {
        "type": "message",
        "user": "U0K46FWHH",
        "text": "Not currently.. Will take a look at the document.",
        "edited": {
            "user": "U0K46FWHH",
            "ts": "1454893146.000000"
        },
        "ts": "1454893135.000048"
    }
]