[
    {
        "type": "message",
        "subtype": "file_share",
        "text": "<@U0K0Q03HP|marc> uploaded a file: <https:\/\/cosmosys.slack.com\/files\/marc\/F0VD63S9Y\/img_20160324_210635.jpg|Slack for Android Upload>",
        "file": {
            "id": "F0VD63S9Y",
            "created": 1458868018,
            "timestamp": 1458868018,
            "name": "IMG_20160324_210635.jpg",
            "title": "Slack for Android Upload",
            "mimetype": "image\/jpeg",
            "filetype": "jpg",
            "pretty_type": "JPEG",
            "user": "U0K0Q03HP",
            "editable": false,
            "size": 1192243,
            "mode": "hosted",
            "is_external": false,
            "external_type": "",
            "is_public": true,
            "public_url_shared": false,
            "display_as_bot": false,
            "username": "",
            "url_private": "https:\/\/files.slack.com\/files-pri\/T0K0Q9FS6-F0VD63S9Y\/img_20160324_210635.jpg?t=xoxe-19024321890-29726819925-29737085618-34de710835",
            "url_private_download": "https:\/\/files.slack.com\/files-pri\/T0K0Q9FS6-F0VD63S9Y\/download\/img_20160324_210635.jpg?t=xoxe-19024321890-29726819925-29737085618-34de710835",
            "thumb_64": "https:\/\/files.slack.com\/files-tmb\/T0K0Q9FS6-F0VD63S9Y-18b1b319ab\/img_20160324_210635_64.jpg?t=xoxe-19024321890-29726819925-29737085618-34de710835",
            "thumb_80": "https:\/\/files.slack.com\/files-tmb\/T0K0Q9FS6-F0VD63S9Y-18b1b319ab\/img_20160324_210635_80.jpg?t=xoxe-19024321890-29726819925-29737085618-34de710835",
            "thumb_360": "https:\/\/files.slack.com\/files-tmb\/T0K0Q9FS6-F0VD63S9Y-18b1b319ab\/img_20160324_210635_360.jpg?t=xoxe-19024321890-29726819925-29737085618-34de710835",
            "thumb_360_w": 270,
            "thumb_360_h": 360,
            "thumb_480": "https:\/\/files.slack.com\/files-tmb\/T0K0Q9FS6-F0VD63S9Y-18b1b319ab\/img_20160324_210635_480.jpg?t=xoxe-19024321890-29726819925-29737085618-34de710835",
            "thumb_480_w": 360,
            "thumb_480_h": 480,
            "thumb_160": "https:\/\/files.slack.com\/files-tmb\/T0K0Q9FS6-F0VD63S9Y-18b1b319ab\/img_20160324_210635_160.jpg?t=xoxe-19024321890-29726819925-29737085618-34de710835",
            "thumb_720": "https:\/\/files.slack.com\/files-tmb\/T0K0Q9FS6-F0VD63S9Y-18b1b319ab\/img_20160324_210635_720.jpg?t=xoxe-19024321890-29726819925-29737085618-34de710835",
            "thumb_720_w": 540,
            "thumb_720_h": 720,
            "thumb_960": "https:\/\/files.slack.com\/files-tmb\/T0K0Q9FS6-F0VD63S9Y-18b1b319ab\/img_20160324_210635_960.jpg?t=xoxe-19024321890-29726819925-29737085618-34de710835",
            "thumb_960_w": 720,
            "thumb_960_h": 960,
            "thumb_1024": "https:\/\/files.slack.com\/files-tmb\/T0K0Q9FS6-F0VD63S9Y-18b1b319ab\/img_20160324_210635_1024.jpg?t=xoxe-19024321890-29726819925-29737085618-34de710835",
            "thumb_1024_w": 768,
            "thumb_1024_h": 1024,
            "image_exif_rotation": 1,
            "original_w": 2448,
            "original_h": 3264,
            "permalink": "https:\/\/cosmosys.slack.com\/files\/marc\/F0VD63S9Y\/img_20160324_210635.jpg",
            "permalink_public": "https:\/\/slack-files.com\/T0K0Q9FS6-F0VD63S9Y-c6b35cbc97",
            "channels": [
                "C0K3Y74LW"
            ],
            "groups": [
    
            ],
            "ims": [
    
            ],
            "comments_count": 0
        },
        "user": "U0K0Q03HP",
        "upload": true,
        "display_as_bot": false,
        "username": "<@U0K0Q03HP|marc>",
        "bot_id": null,
        "ts": "1458868022.000002"
    },
    {
        "type": "message",
        "subtype": "file_share",
        "text": "<@U0K0Q03HP|marc> uploaded a file: <https:\/\/cosmosys.slack.com\/files\/marc\/F0VCKL0UU\/img_20160324_210658.jpg|Slack for Android Upload>",
        "file": {
            "id": "F0VCKL0UU",
            "created": 1458868093,
            "timestamp": 1458868093,
            "name": "IMG_20160324_210658.jpg",
            "title": "Slack for Android Upload",
            "mimetype": "image\/jpeg",
            "filetype": "jpg",
            "pretty_type": "JPEG",
            "user": "U0K0Q03HP",
            "editable": false,
            "size": 1548176,
            "mode": "hosted",
            "is_external": false,
            "external_type": "",
            "is_public": true,
            "public_url_shared": false,
            "display_as_bot": false,
            "username": "",
            "url_private": "https:\/\/files.slack.com\/files-pri\/T0K0Q9FS6-F0VCKL0UU\/img_20160324_210658.jpg?t=xoxe-19024321890-29726819925-29737085618-34de710835",
            "url_private_download": "https:\/\/files.slack.com\/files-pri\/T0K0Q9FS6-F0VCKL0UU\/download\/img_20160324_210658.jpg?t=xoxe-19024321890-29726819925-29737085618-34de710835",
            "thumb_64": "https:\/\/files.slack.com\/files-tmb\/T0K0Q9FS6-F0VCKL0UU-5a41377b85\/img_20160324_210658_64.jpg?t=xoxe-19024321890-29726819925-29737085618-34de710835",
            "thumb_80": "https:\/\/files.slack.com\/files-tmb\/T0K0Q9FS6-F0VCKL0UU-5a41377b85\/img_20160324_210658_80.jpg?t=xoxe-19024321890-29726819925-29737085618-34de710835",
            "thumb_360": "https:\/\/files.slack.com\/files-tmb\/T0K0Q9FS6-F0VCKL0UU-5a41377b85\/img_20160324_210658_360.jpg?t=xoxe-19024321890-29726819925-29737085618-34de710835",
            "thumb_360_w": 270,
            "thumb_360_h": 360,
            "thumb_480": "https:\/\/files.slack.com\/files-tmb\/T0K0Q9FS6-F0VCKL0UU-5a41377b85\/img_20160324_210658_480.jpg?t=xoxe-19024321890-29726819925-29737085618-34de710835",
            "thumb_480_w": 360,
            "thumb_480_h": 480,
            "thumb_160": "https:\/\/files.slack.com\/files-tmb\/T0K0Q9FS6-F0VCKL0UU-5a41377b85\/img_20160324_210658_160.jpg?t=xoxe-19024321890-29726819925-29737085618-34de710835",
            "thumb_720": "https:\/\/files.slack.com\/files-tmb\/T0K0Q9FS6-F0VCKL0UU-5a41377b85\/img_20160324_210658_720.jpg?t=xoxe-19024321890-29726819925-29737085618-34de710835",
            "thumb_720_w": 540,
            "thumb_720_h": 720,
            "thumb_960": "https:\/\/files.slack.com\/files-tmb\/T0K0Q9FS6-F0VCKL0UU-5a41377b85\/img_20160324_210658_960.jpg?t=xoxe-19024321890-29726819925-29737085618-34de710835",
            "thumb_960_w": 720,
            "thumb_960_h": 960,
            "thumb_1024": "https:\/\/files.slack.com\/files-tmb\/T0K0Q9FS6-F0VCKL0UU-5a41377b85\/img_20160324_210658_1024.jpg?t=xoxe-19024321890-29726819925-29737085618-34de710835",
            "thumb_1024_w": 768,
            "thumb_1024_h": 1024,
            "image_exif_rotation": 1,
            "original_w": 2448,
            "original_h": 3264,
            "permalink": "https:\/\/cosmosys.slack.com\/files\/marc\/F0VCKL0UU\/img_20160324_210658.jpg",
            "permalink_public": "https:\/\/slack-files.com\/T0K0Q9FS6-F0VCKL0UU-58dd1b89b4",
            "channels": [
                "C0K3Y74LW"
            ],
            "groups": [
    
            ],
            "ims": [
    
            ],
            "comments_count": 0
        },
        "user": "U0K0Q03HP",
        "upload": true,
        "display_as_bot": false,
        "username": "<@U0K0Q03HP|marc>",
        "bot_id": null,
        "ts": "1458868098.000003"
    },
    {
        "type": "message",
        "subtype": "file_share",
        "text": "<@U0K0Q03HP|marc> uploaded a file: <https:\/\/cosmosys.slack.com\/files\/marc\/F0VBDPT4K\/img_20160324_210817.jpg|Slack for Android Upload>",
        "file": {
            "id": "F0VBDPT4K",
            "created": 1458868109,
            "timestamp": 1458868109,
            "name": "IMG_20160324_210817.jpg",
            "title": "Slack for Android Upload",
            "mimetype": "image\/jpeg",
            "filetype": "jpg",
            "pretty_type": "JPEG",
            "user": "U0K0Q03HP",
            "editable": false,
            "size": 1428048,
            "mode": "hosted",
            "is_external": false,
            "external_type": "",
            "is_public": true,
            "public_url_shared": false,
            "display_as_bot": false,
            "username": "",
            "url_private": "https:\/\/files.slack.com\/files-pri\/T0K0Q9FS6-F0VBDPT4K\/img_20160324_210817.jpg?t=xoxe-19024321890-29726819925-29737085618-34de710835",
            "url_private_download": "https:\/\/files.slack.com\/files-pri\/T0K0Q9FS6-F0VBDPT4K\/download\/img_20160324_210817.jpg?t=xoxe-19024321890-29726819925-29737085618-34de710835",
            "thumb_64": "https:\/\/files.slack.com\/files-tmb\/T0K0Q9FS6-F0VBDPT4K-56210d09e4\/img_20160324_210817_64.jpg?t=xoxe-19024321890-29726819925-29737085618-34de710835",
            "thumb_80": "https:\/\/files.slack.com\/files-tmb\/T0K0Q9FS6-F0VBDPT4K-56210d09e4\/img_20160324_210817_80.jpg?t=xoxe-19024321890-29726819925-29737085618-34de710835",
            "thumb_360": "https:\/\/files.slack.com\/files-tmb\/T0K0Q9FS6-F0VBDPT4K-56210d09e4\/img_20160324_210817_360.jpg?t=xoxe-19024321890-29726819925-29737085618-34de710835",
            "thumb_360_w": 270,
            "thumb_360_h": 360,
            "thumb_480": "https:\/\/files.slack.com\/files-tmb\/T0K0Q9FS6-F0VBDPT4K-56210d09e4\/img_20160324_210817_480.jpg?t=xoxe-19024321890-29726819925-29737085618-34de710835",
            "thumb_480_w": 360,
            "thumb_480_h": 480,
            "thumb_160": "https:\/\/files.slack.com\/files-tmb\/T0K0Q9FS6-F0VBDPT4K-56210d09e4\/img_20160324_210817_160.jpg?t=xoxe-19024321890-29726819925-29737085618-34de710835",
            "thumb_720": "https:\/\/files.slack.com\/files-tmb\/T0K0Q9FS6-F0VBDPT4K-56210d09e4\/img_20160324_210817_720.jpg?t=xoxe-19024321890-29726819925-29737085618-34de710835",
            "thumb_720_w": 540,
            "thumb_720_h": 720,
            "thumb_960": "https:\/\/files.slack.com\/files-tmb\/T0K0Q9FS6-F0VBDPT4K-56210d09e4\/img_20160324_210817_960.jpg?t=xoxe-19024321890-29726819925-29737085618-34de710835",
            "thumb_960_w": 720,
            "thumb_960_h": 960,
            "thumb_1024": "https:\/\/files.slack.com\/files-tmb\/T0K0Q9FS6-F0VBDPT4K-56210d09e4\/img_20160324_210817_1024.jpg?t=xoxe-19024321890-29726819925-29737085618-34de710835",
            "thumb_1024_w": 768,
            "thumb_1024_h": 1024,
            "image_exif_rotation": 1,
            "original_w": 2448,
            "original_h": 3264,
            "permalink": "https:\/\/cosmosys.slack.com\/files\/marc\/F0VBDPT4K\/img_20160324_210817.jpg",
            "permalink_public": "https:\/\/slack-files.com\/T0K0Q9FS6-F0VBDPT4K-a168e20b11",
            "channels": [
                "C0K3Y74LW"
            ],
            "groups": [
    
            ],
            "ims": [
    
            ],
            "comments_count": 0
        },
        "user": "U0K0Q03HP",
        "upload": true,
        "display_as_bot": false,
        "username": "<@U0K0Q03HP|marc>",
        "bot_id": null,
        "ts": "1458868115.000004"
    }
]