[
    {
        "type": "message",
        "subtype": "file_share",
        "text": "<@U0K0Q03HP|marc> uploaded a file: <https:\/\/cosmosys.slack.com\/files\/marc\/F0LPUJ4FQ\/whole_group.jpg|Whole Group.jpg>",
        "file": {
            "id": "F0LPUJ4FQ",
            "created": 1455085518,
            "timestamp": 1455085518,
            "name": "Whole Group.jpg",
            "title": "Whole Group.jpg",
            "mimetype": "image\/jpeg",
            "filetype": "jpg",
            "pretty_type": "JPEG",
            "user": "U0K0Q03HP",
            "editable": false,
            "size": 6950022,
            "mode": "hosted",
            "is_external": false,
            "external_type": "",
            "is_public": true,
            "public_url_shared": false,
            "display_as_bot": false,
            "username": "",
            "url_private": "https:\/\/files.slack.com\/files-pri\/T0K0Q9FS6-F0LPUJ4FQ\/whole_group.jpg?t=xoxe-19024321890-29726819925-29737085618-34de710835",
            "url_private_download": "https:\/\/files.slack.com\/files-pri\/T0K0Q9FS6-F0LPUJ4FQ\/download\/whole_group.jpg?t=xoxe-19024321890-29726819925-29737085618-34de710835",
            "thumb_64": "https:\/\/files.slack.com\/files-tmb\/T0K0Q9FS6-F0LPUJ4FQ-36ed3f6a71\/whole_group_64.jpg?t=xoxe-19024321890-29726819925-29737085618-34de710835",
            "thumb_80": "https:\/\/files.slack.com\/files-tmb\/T0K0Q9FS6-F0LPUJ4FQ-36ed3f6a71\/whole_group_80.jpg?t=xoxe-19024321890-29726819925-29737085618-34de710835",
            "thumb_360": "https:\/\/files.slack.com\/files-tmb\/T0K0Q9FS6-F0LPUJ4FQ-36ed3f6a71\/whole_group_360.jpg?t=xoxe-19024321890-29726819925-29737085618-34de710835",
            "thumb_360_w": 360,
            "thumb_360_h": 183,
            "thumb_480": "https:\/\/files.slack.com\/files-tmb\/T0K0Q9FS6-F0LPUJ4FQ-36ed3f6a71\/whole_group_480.jpg?t=xoxe-19024321890-29726819925-29737085618-34de710835",
            "thumb_480_w": 480,
            "thumb_480_h": 244,
            "thumb_160": "https:\/\/files.slack.com\/files-tmb\/T0K0Q9FS6-F0LPUJ4FQ-36ed3f6a71\/whole_group_160.jpg?t=xoxe-19024321890-29726819925-29737085618-34de710835",
            "thumb_720": "https:\/\/files.slack.com\/files-tmb\/T0K0Q9FS6-F0LPUJ4FQ-36ed3f6a71\/whole_group_720.jpg?t=xoxe-19024321890-29726819925-29737085618-34de710835",
            "thumb_720_w": 720,
            "thumb_720_h": 367,
            "thumb_960": "https:\/\/files.slack.com\/files-tmb\/T0K0Q9FS6-F0LPUJ4FQ-36ed3f6a71\/whole_group_960.jpg?t=xoxe-19024321890-29726819925-29737085618-34de710835",
            "thumb_960_w": 960,
            "thumb_960_h": 489,
            "thumb_1024": "https:\/\/files.slack.com\/files-tmb\/T0K0Q9FS6-F0LPUJ4FQ-36ed3f6a71\/whole_group_1024.jpg?t=xoxe-19024321890-29726819925-29737085618-34de710835",
            "thumb_1024_w": 1024,
            "thumb_1024_h": 522,
            "image_exif_rotation": 1,
            "original_w": 4728,
            "original_h": 2408,
            "permalink": "https:\/\/cosmosys.slack.com\/files\/marc\/F0LPUJ4FQ\/whole_group.jpg",
            "permalink_public": "https:\/\/slack-files.com\/T0K0Q9FS6-F0LPUJ4FQ-190bfe7e5f",
            "channels": [
                "C0K3Y74LW"
            ],
            "groups": [
    
            ],
            "ims": [
    
            ],
            "comments_count": 0
        },
        "user": "U0K0Q03HP",
        "upload": true,
        "display_as_bot": false,
        "username": "<@U0K0Q03HP|marc>",
        "bot_id": null,
        "ts": "1455085526.000002"
    }
]