[
    {
        "type": "message",
        "subtype": "file_share",
        "text": "<@U0K0Q03HP|marc> uploaded a file: <https:\/\/cosmosys.slack.com\/files\/marc\/F0K62JGTY\/cosmosys_logo_v0.2.png|Cosmosys Logo v0.2.png>",
        "file": {
            "id": "F0K62JGTY",
            "created": 1453489103,
            "timestamp": 1453489103,
            "name": "Cosmosys Logo v0.2.png",
            "title": "Cosmosys Logo v0.2.png",
            "mimetype": "image\/png",
            "filetype": "png",
            "pretty_type": "PNG",
            "user": "U0K0Q03HP",
            "editable": false,
            "size": 89373,
            "mode": "hosted",
            "is_external": false,
            "external_type": "",
            "is_public": true,
            "public_url_shared": false,
            "display_as_bot": false,
            "username": "",
            "url_private": "https:\/\/files.slack.com\/files-pri\/T0K0Q9FS6-F0K62JGTY\/cosmosys_logo_v0.2.png?t=xoxe-19024321890-29726819925-29737085618-34de710835",
            "url_private_download": "https:\/\/files.slack.com\/files-pri\/T0K0Q9FS6-F0K62JGTY\/download\/cosmosys_logo_v0.2.png?t=xoxe-19024321890-29726819925-29737085618-34de710835",
            "thumb_64": "https:\/\/files.slack.com\/files-tmb\/T0K0Q9FS6-F0K62JGTY-0927be2a98\/cosmosys_logo_v0.2_64.png?t=xoxe-19024321890-29726819925-29737085618-34de710835",
            "thumb_80": "https:\/\/files.slack.com\/files-tmb\/T0K0Q9FS6-F0K62JGTY-0927be2a98\/cosmosys_logo_v0.2_80.png?t=xoxe-19024321890-29726819925-29737085618-34de710835",
            "thumb_360": "https:\/\/files.slack.com\/files-tmb\/T0K0Q9FS6-F0K62JGTY-0927be2a98\/cosmosys_logo_v0.2_360.png?t=xoxe-19024321890-29726819925-29737085618-34de710835",
            "thumb_360_w": 360,
            "thumb_360_h": 74,
            "thumb_480": "https:\/\/files.slack.com\/files-tmb\/T0K0Q9FS6-F0K62JGTY-0927be2a98\/cosmosys_logo_v0.2_480.png?t=xoxe-19024321890-29726819925-29737085618-34de710835",
            "thumb_480_w": 480,
            "thumb_480_h": 99,
            "thumb_160": "https:\/\/files.slack.com\/files-tmb\/T0K0Q9FS6-F0K62JGTY-0927be2a98\/cosmosys_logo_v0.2_160.png?t=xoxe-19024321890-29726819925-29737085618-34de710835",
            "thumb_720": "https:\/\/files.slack.com\/files-tmb\/T0K0Q9FS6-F0K62JGTY-0927be2a98\/cosmosys_logo_v0.2_720.png?t=xoxe-19024321890-29726819925-29737085618-34de710835",
            "thumb_720_w": 720,
            "thumb_720_h": 148,
            "thumb_960": "https:\/\/files.slack.com\/files-tmb\/T0K0Q9FS6-F0K62JGTY-0927be2a98\/cosmosys_logo_v0.2_960.png?t=xoxe-19024321890-29726819925-29737085618-34de710835",
            "thumb_960_w": 960,
            "thumb_960_h": 198,
            "image_exif_rotation": 1,
            "original_w": 999,
            "original_h": 206,
            "permalink": "https:\/\/cosmosys.slack.com\/files\/marc\/F0K62JGTY\/cosmosys_logo_v0.2.png",
            "permalink_public": "https:\/\/slack-files.com\/T0K0Q9FS6-F0K62JGTY-78c323b05a",
            "channels": [
                "C0K3Y74LW"
            ],
            "groups": [
    
            ],
            "ims": [
    
            ],
            "comments_count": 0
        },
        "user": "U0K0Q03HP",
        "upload": true,
        "display_as_bot": false,
        "username": "<@U0K0Q03HP|marc>",
        "bot_id": null,
        "ts": "1453489106.000004"
    },
    {
        "type": "message",
        "subtype": "file_share",
        "text": "<@U0K0Q03HP|marc> uploaded a file: <https:\/\/cosmosys.slack.com\/files\/marc\/F0K631QN4\/cosmosys_logo_v0.2.svg|Cosmosys Logo v0.2.svg>",
        "file": {
            "id": "F0K631QN4",
            "created": 1453489113,
            "timestamp": 1453489113,
            "name": "Cosmosys Logo v0.2.svg",
            "title": "Cosmosys Logo v0.2.svg",
            "mimetype": "image\/svg+xml",
            "filetype": "svg",
            "pretty_type": "SVG",
            "user": "U0K0Q03HP",
            "editable": false,
            "size": 19289,
            "mode": "hosted",
            "is_external": false,
            "external_type": "",
            "is_public": true,
            "public_url_shared": false,
            "display_as_bot": false,
            "username": "",
            "url_private": "https:\/\/files.slack.com\/files-pri\/T0K0Q9FS6-F0K631QN4\/cosmosys_logo_v0.2.svg?t=xoxe-19024321890-29726819925-29737085618-34de710835",
            "url_private_download": "https:\/\/files.slack.com\/files-pri\/T0K0Q9FS6-F0K631QN4\/download\/cosmosys_logo_v0.2.svg?t=xoxe-19024321890-29726819925-29737085618-34de710835",
            "permalink": "https:\/\/cosmosys.slack.com\/files\/marc\/F0K631QN4\/cosmosys_logo_v0.2.svg",
            "permalink_public": "https:\/\/slack-files.com\/T0K0Q9FS6-F0K631QN4-12873ac7d0",
            "channels": [
                "C0K3Y74LW"
            ],
            "groups": [
    
            ],
            "ims": [
    
            ],
            "comments_count": 0
        },
        "user": "U0K0Q03HP",
        "upload": true,
        "display_as_bot": false,
        "username": "<@U0K0Q03HP|marc>",
        "bot_id": null,
        "ts": "1453489113.000005"
    }
]