[
    {
        "type": "message",
        "subtype": "file_share",
        "text": "<@U0K0Q03HP|marc> uploaded a file: <https:\/\/cosmosys.slack.com\/files\/marc\/F0LF8F9UM\/cosmosys_logo_v0.2.emf|Cosmosys Logo v0.2.emf>",
        "file": {
            "id": "F0LF8F9UM",
            "created": 1454780992,
            "timestamp": 1454780992,
            "name": "Cosmosys Logo v0.2.emf",
            "title": "Cosmosys Logo v0.2.emf",
            "mimetype": "application\/octet-stream",
            "filetype": "binary",
            "pretty_type": "Binary",
            "user": "U0K0Q03HP",
            "editable": false,
            "size": 13708,
            "mode": "hosted",
            "is_external": false,
            "external_type": "",
            "is_public": true,
            "public_url_shared": false,
            "display_as_bot": false,
            "username": "",
            "url_private": "https:\/\/files.slack.com\/files-pri\/T0K0Q9FS6-F0LF8F9UM\/cosmosys_logo_v0.2.emf?t=xoxe-19024321890-29726819925-29737085618-34de710835",
            "url_private_download": "https:\/\/files.slack.com\/files-pri\/T0K0Q9FS6-F0LF8F9UM\/download\/cosmosys_logo_v0.2.emf?t=xoxe-19024321890-29726819925-29737085618-34de710835",
            "permalink": "https:\/\/cosmosys.slack.com\/files\/marc\/F0LF8F9UM\/cosmosys_logo_v0.2.emf",
            "permalink_public": "https:\/\/slack-files.com\/T0K0Q9FS6-F0LF8F9UM-b1bf8cf070",
            "channels": [
                "C0K3Y74LW"
            ],
            "groups": [
    
            ],
            "ims": [
    
            ],
            "comments_count": 0
        },
        "user": "U0K0Q03HP",
        "upload": true,
        "display_as_bot": false,
        "username": "<@U0K0Q03HP|marc>",
        "bot_id": null,
        "ts": "1454780992.000002"
    }
]