[
    {
        "type": "message",
        "subtype": "file_share",
        "text": "<@U0K0Q03HP|marc> shared a file: <https:\/\/cosmosys.slack.com\/files\/marc\/F0K7K0UMC\/Which_UML_modeling_tool_to_use_|Which UML modeling tool to use?>",
        "file": {
            "id": "F0K7K0UMC",
            "created": 1453563639,
            "timestamp": 1453563662,
            "name": "Which_UML_modeling_tool_to_use_",
            "title": "Which UML modeling tool to use?",
            "mimetype": "text\/plain",
            "filetype": "space",
            "pretty_type": "Post",
            "user": "U0K0Q03HP",
            "editable": true,
            "size": 2357,
            "mode": "space",
            "is_external": false,
            "external_type": "",
            "is_public": true,
            "public_url_shared": false,
            "display_as_bot": false,
            "username": "",
            "url_private": "https:\/\/files.slack.com\/files-pri\/T0K0Q9FS6-F0K7K0UMC\/Which_UML_modeling_tool_to_use_?t=xoxe-19024321890-21146617878-21145424849-0c687236a6",
            "url_private_download": "https:\/\/files.slack.com\/files-pri\/T0K0Q9FS6-F0K7K0UMC\/download\/Which_UML_modeling_tool_to_use_?t=xoxe-19024321890-21146617878-21145424849-0c687236a6",
            "permalink": "https:\/\/cosmosys.slack.com\/files\/marc\/F0K7K0UMC\/Which_UML_modeling_tool_to_use_",
            "permalink_public": "https:\/\/slack-files.com\/T0K0Q9FS6-F0K7K0UMC-973efcce34",
            "preview": "<document><p>It&#39;s a certainty that we&#39;ll have to do extensive modeling during the planning of this software project. Towards that end we need to decide on the best CASE tool to use. While Enterprise Architect is familiar to some of us, it is prohibitive to use collaboratively across the internet. Below we can list some pros and cons of various CASE tools available to help us decide. Feel free to add your own suggestions.<\/p><h2>LucidChart<\/h2><p><a href=\"https:\/\/www.lucidchart.com\/pages\/usecase\/education\">https:\/\/www.lucidchart.com\/pages\/usecase\/education<\/a><\/p><div class=\"unfurl-container unfurl-render-pending\"><a class=\"unfurl-placeholder\" href=\"https:\/\/www.lucidchart.com\/pages\/usecase\/education\">https:\/\/www.lucidchart.com\/pages\/usecase\/education<\/a><\/div><h3>Pros<\/h3><\/document>",
            "updated": 1454264926,
            "editor": "U0K0Q03HP",
            "last_editor": "U0K0Q03HP",
            "state": "inactive",
            "channels": [
                "C0K2D5UJG"
            ],
            "groups": [

            ],
            "ims": [

            ],
            "comments_count": 0
        },
        "user": "U0K0Q03HP",
        "upload": false,
        "display_as_bot": false,
        "username": "<@U0K0Q03HP|marc>",
        "bot_id": null,
        "ts": "1453565599.000002"
    },
    {
        "user": "U0K3ZFVBL",
        "inviter": "U0K0Q03HP",
        "type": "message",
        "subtype": "channel_join",
        "text": "<@U0K3ZFVBL|fan> has joined the channel",
        "ts": "1453568103.000004"
    },
    {
        "user": "U0K6VU7HC",
        "inviter": "U0K0Q03HP",
        "type": "message",
        "subtype": "channel_join",
        "text": "<@U0K6VU7HC|aly> has joined the channel",
        "ts": "1453568103.000005"
    },
    {
        "user": "U0K46FWHH",
        "inviter": "U0K0Q03HP",
        "type": "message",
        "subtype": "channel_join",
        "text": "<@U0K46FWHH|rodney> has joined the channel",
        "ts": "1453568103.000006"
    }
]