[
    {
        "user": "U0K0Q03HP",
        "type": "message",
        "subtype": "channel_join",
        "text": "<@U0K0Q03HP|marc> has joined the channel",
        "ts": "1453394718.000002"
    },
    {
        "user": "U0K0Q03HP",
        "purpose": "Discussion regarding tools used during the development of the project.",
        "type": "message",
        "subtype": "channel_purpose",
        "text": "<@U0K0Q03HP|marc> set the channel purpose: Discussion regarding tools used during the development of the project.",
        "ts": "1453394719.000003"
    }
]