[
    {
        "type": "message",
        "user": "U0K0Q03HP",
        "text": "I'm thinking that the odds are good that we won't be having the exam on Thursday night. Granted we should obviously still study just in case. The things that sucks is that will mean that we won't get Part 1 feedback until after the break.. unless he gives it to us through canvas.",
        "ts": "1456288036.000002"
    },
    {
        "type": "message",
        "user": "U0K46FWHH",
        "text": "Would think he would just send us the write up in canvas.",
        "ts": "1456288823.000003"
    }
]