[
    {
        "type": "message",
        "user": "U0K0Q03HP",
        "text": "Well, it looks like meteorology is still pretty unreliable. We'll be having class.",
        "ts": "1456411095.000002"
    },
    {
        "type": "message",
        "user": "U0K46FWHH",
        "text": "There could always be more snow to cancel evening classes :grin: ",
        "ts": "1456413691.000003"
    },
    {
        "type": "message",
        "user": "U0K0Q03HP",
        "text": "I suppose there is always that possibility. :upside_down_face: ",
        "ts": "1456415855.000004"
    },
    {
        "type": "message",
        "user": "U0K46FWHH",
        "text": "HFC is closed apparently. Interesting.",
        "ts": "1456415943.000005"
    }
]