[
    {
        "type": "message",
        "user": "U0K0Q03HP",
        "text": "<!channel> After further research, stomach acid has a pH of 1.5+ Which we should know from chemistry class would require liters of water to cause any meaningful dilution. :simple_smile:",
        "edited": {
            "user": "U0K0Q03HP",
            "ts": "1458315295.000000"
        },
        "ts": "1458315265.000002",
        "reactions": [
            {
                "name": "joy",
                "users": [
                    "U0K6VU7HC"
                ],
                "count": 1
            }
        ]
    },
    {
        "type": "message",
        "user": "U0K46FWHH",
        "text": "Myth debunked.",
        "ts": "1458315421.000004"
    },
    {
        "type": "message",
        "user": "U0K0Q03HP",
        "text": ":nerd_face:",
        "ts": "1458322746.000005"
    }
]