[
    {
        "type": "message",
        "user": "U0K6VU7HC",
        "text": "I think he'll keep in mind out deadline for part 2 and make sure to give us enough time with our feedback... Or I hope",
        "ts": "1456320827.000004"
    },
    {
        "type": "message",
        "user": "U0K0Q03HP",
        "text": "Probably not. Like 90% of what we need to do for Part 2 isn't related to any changes we'll need to make to the SPMP.",
        "ts": "1456320937.000005"
    },
    {
        "type": "message",
        "user": "U0K0Q03HP",
        "text": "Additionally, our SPMP is pretty tight, there won't be many changes that need to be made. :simple_smile:",
        "ts": "1456320954.000006"
    },
    {
        "type": "message",
        "user": "U0K0Q03HP",
        "text": "For example, the only thing our schedule doesn't take into account is the DFDs that he sprang on us last night. The ERD and use cases were already scheduled.",
        "ts": "1456321053.000007"
    },
    {
        "type": "message",
        "user": "U0K0Q03HP",
        "text": "See you in class Aly, give yourself extra drive time. :wink:",
        "edited": {
            "user": "U0K0Q03HP",
            "ts": "1456321136.000000"
        },
        "ts": "1456321122.000008"
    },
    {
        "type": "message",
        "user": "U0K6VU7HC",
        "text": "Ahh okay, nice.. Yeah for sure, see you in class Marc",
        "ts": "1456321227.000010"
    }
]