[
    {
        "type": "message",
        "subtype": "file_share",
        "text": "<@U0K0Q03HP|marc> uploaded a file: <https:\/\/cosmosys.slack.com\/files\/marc\/F0Q4XBL2E\/part_1_feedback.docx|Part_1_Feedback.docx> and commented: I realized that even though we went over this together, I never actually shared it with you guys. Here it is for reference.",
        "file": {
            "id": "F0Q4XBL2E",
            "created": 1457025898,
            "timestamp": 1457025898,
            "name": "Part_1_Feedback.docx",
            "title": "Part_1_Feedback.docx",
            "mimetype": "application\/vnd.openxmlformats-officedocument.wordprocessingml.document",
            "filetype": "docx",
            "pretty_type": "Word Document",
            "user": "U0K0Q03HP",
            "editable": false,
            "size": 12919,
            "mode": "hosted",
            "is_external": false,
            "external_type": "",
            "is_public": true,
            "public_url_shared": false,
            "display_as_bot": false,
            "username": "",
            "url_private": "https:\/\/files.slack.com\/files-pri\/T0K0Q9FS6-F0Q4XBL2E\/part_1_feedback.docx?t=xoxe-19024321890-29726819925-29737085618-34de710835",
            "url_private_download": "https:\/\/files.slack.com\/files-pri\/T0K0Q9FS6-F0Q4XBL2E\/download\/part_1_feedback.docx?t=xoxe-19024321890-29726819925-29737085618-34de710835",
            "permalink": "https:\/\/cosmosys.slack.com\/files\/marc\/F0Q4XBL2E\/part_1_feedback.docx",
            "permalink_public": "https:\/\/slack-files.com\/T0K0Q9FS6-F0Q4XBL2E-0e2c188afb",
            "channels": [
                "C0K0QCUA3"
            ],
            "groups": [
    
            ],
            "ims": [
    
            ],
            "comments_count": 1,
            "initial_comment": {
                "id": "Fc0Q4RBHPW",
                "created": 1457025898,
                "timestamp": 1457025898,
                "user": "U0K0Q03HP",
                "comment": "I realized that even though we went over this together, I never actually shared it with you guys. Here it is for reference."
            }
        },
        "user": "U0K0Q03HP",
        "upload": true,
        "display_as_bot": false,
        "username": "<@U0K0Q03HP|marc>",
        "bot_id": null,
        "ts": "1457025898.000017"
    }
]