[
    {
        "type": "message",
        "user": "U0K0Q03HP",
        "text": "Great job tonight guys, best presentation by far :wink: ",
        "ts": "1455242255.000002",
        "reactions": [
            {
                "name": "+1",
                "users": [
                    "U0K46FWHH",
                    "U0KR98MLH",
                    "U0KF2HSHZ",
                    "U0K6VU7HC"
                ],
                "count": 4
            }
        ]
    },
    {
        "type": "message",
        "user": "U0KR98MLH",
        "text": "congrats on the presentation...quick question...did the professor gave you all another task that needs to be added to the plan?",
        "ts": "1455246389.000003"
    },
    {
        "type": "message",
        "user": "U0K0Q03HP",
        "text": "Nope, he's looking to have us start on the Entity-Relationship Diagrams, but we already have that on the list.",
        "ts": "1455246555.000004"
    },
    {
        "type": "message",
        "user": "U0KR98MLH",
        "text": "well done :simple_smile:",
        "ts": "1455246673.000005"
    }
]