[
    {
        "type": "message",
        "user": "U0KF2HSHZ",
        "text": "Are these your estimates for your time on the entire project?",
        "ts": "1457551541.000003"
    },
    {
        "type": "message",
        "user": "U0KR98MLH",
        "text": "yes",
        "ts": "1457552345.000004"
    },
    {
        "type": "message",
        "user": "U0KF2HSHZ",
        "text": "I think those are good estimates",
        "ts": "1457553106.000005"
    },
    {
        "type": "message",
        "user": "U0KR98MLH",
        "text": "thanks :simple_smile:",
        "ts": "1457555124.000006"
    },
    {
        "type": "message",
        "user": "U0K6VU7HC",
        "text": "Looks good to me",
        "ts": "1457566933.000007"
    },
    {
        "type": "message",
        "user": "U0KR98MLH",
        "text": "thanks",
        "ts": "1457568213.000008"
    },
    {
        "type": "message",
        "user": "U0KR98MLH",
        "text": "<!channel>: hey everyone again....how is the documents going....just to let you know I would like part 2 to be done on Sunday (3\/14) 6pm no later than Monday (3\/14) at 6pm.........this means there are no more revisions and editing unless you contact me and i give you an ok...thats way i can look at stuff in a timely manner....thanks....if you have any questions....just contact me",
        "ts": "1457590930.000009"
    }
]