[
    {
        "type": "message",
        "subtype": "file_share",
        "text": "<@U0KR98MLH|camillwi> uploaded a file: <https:\/\/cosmosys.slack.com\/files\/camillwi\/F0NAY3DUN\/progress_report_williams.docx|Progress Report_Williams.docx> and commented: here is the weekly progress report.....approve it and <@U0K0Q03HP> and I will upload it...thanks :simple_smile: (Note: you can always just give it a thumbs up if you approve)",
        "file": {
            "id": "F0NAY3DUN",
            "created": 1456028112,
            "timestamp": 1456028112,
            "name": "Progress Report_Williams.docx",
            "title": "Progress Report_Williams.docx",
            "mimetype": "application\/vnd.openxmlformats-officedocument.wordprocessingml.document",
            "filetype": "docx",
            "pretty_type": "Word Document",
            "user": "U0KR98MLH",
            "editable": false,
            "size": 46209,
            "mode": "hosted",
            "is_external": false,
            "external_type": "",
            "is_public": true,
            "public_url_shared": false,
            "display_as_bot": false,
            "username": "",
            "url_private": "https:\/\/files.slack.com\/files-pri\/T0K0Q9FS6-F0NAY3DUN\/progress_report_williams.docx?t=xoxe-19024321890-29726819925-29737085618-34de710835",
            "url_private_download": "https:\/\/files.slack.com\/files-pri\/T0K0Q9FS6-F0NAY3DUN\/download\/progress_report_williams.docx?t=xoxe-19024321890-29726819925-29737085618-34de710835",
            "permalink": "https:\/\/cosmosys.slack.com\/files\/camillwi\/F0NAY3DUN\/progress_report_williams.docx",
            "permalink_public": "https:\/\/slack-files.com\/T0K0Q9FS6-F0NAY3DUN-da48d5acce",
            "channels": [
                "C0K0QCUA3"
            ],
            "groups": [
    
            ],
            "ims": [
    
            ],
            "comments_count": 1,
            "initial_comment": {
                "id": "Fc0NAXAU6B",
                "created": 1456028112,
                "timestamp": 1456028112,
                "user": "U0KR98MLH",
                "comment": "here is the weekly progress report.....approve it and <@U0K0Q03HP> and I will upload it...thanks :simple_smile: (Note: you can always just give it a thumbs up if you approve)"
            },
            "reactions": [
                {
                    "name": "white_check_mark",
                    "users": [
                        "U0K0Q03HP"
                    ],
                    "count": 1
                },
                {
                    "name": "+1",
                    "users": [
                        "U0K46FWHH",
                        "U0K6VU7HC"
                    ],
                    "count": 2
                }
            ]
        },
        "user": "U0KR98MLH",
        "upload": true,
        "display_as_bot": false,
        "username": "<@U0KR98MLH|camillwi>",
        "bot_id": null,
        "ts": "1456028113.000004"
    },
    {
        "type": "message",
        "user": "U0KR98MLH",
        "text": "sorry I didn't contact you all individually to see how is it going...but everyone is still on track with their tasks so that's good :simple_smile:",
        "ts": "1456028177.000005"
    },
    {
        "type": "message",
        "user": "U0KR98MLH",
        "text": "if you have questions\/concerns, just let me know",
        "ts": "1456028188.000006"
    }
]