[
    {
        "type": "message",
        "subtype": "file_share",
        "text": "<@U0K0Q03HP|marc> shared a file: <https:\/\/cosmosys.slack.com\/files\/marc\/F0MD7QSAW\/tasks-part2-plan|Tasks - Part 2>",
        "file": {
            "id": "F0MD7QSAW",
            "created": 1455551311,
            "timestamp": 1455551311,
            "name": "Tasks-Part2-Plan",
            "title": "Tasks - Part 2",
            "mimetype": "application\/vnd.google-apps.spreadsheet",
            "filetype": "gsheet",
            "pretty_type": "GDocs Spreadsheet",
            "user": "U0K0Q03HP",
            "editable": false,
            "size": 1214,
            "mode": "external",
            "is_external": true,
            "external_type": "gdrive",
            "is_public": true,
            "public_url_shared": false,
            "display_as_bot": false,
            "username": "",
            "url_private": "https:\/\/docs.google.com\/a\/umich.edu\/spreadsheets\/d\/1K9jvHGJ_oap3E99JtX7hRmHbSDfp_1gMiCrkwKmA-EI\/edit?usp=drivesdk",
            "thumb_64": "https:\/\/a.slack-edge.com\/66f9\/img\/files\/gsheet_64.png",
            "thumb_360": "https:\/\/a.slack-edge.com\/66f9\/img\/files\/gsheet_360.png",
            "thumb_360_w": 360,
            "thumb_360_h": 167,
            "permalink": "https:\/\/cosmosys.slack.com\/files\/marc\/F0MD7QSAW\/tasks-part2-plan",
            "channels": [
                "C0K0QCUA3"
            ],
            "groups": [
    
            ],
            "ims": [
    
            ],
            "comments_count": 0,
            "pinned_to": [
                "C0K0QCUA3"
            ]
        },
        "user": "U0K0Q03HP",
        "upload": false,
        "display_as_bot": false,
        "username": "<@U0K0Q03HP|marc>",
        "bot_id": null,
        "ts": "1455551311.000003"
    },
    {
        "type": "message",
        "subtype": "pinned_item",
        "user": "U0K0Q03HP",
        "item_type": "F",
        "text": "<@U0K0Q03HP|marc> pinned their GDocs Spreadsheet <https:\/\/cosmosys.slack.com\/files\/marc\/F0MD7QSAW\/tasks-part2-plan|Tasks - Part 2> to this channel.",
        "item": {
            "id": "F0MD7QSAW",
            "created": 1455551311,
            "timestamp": 1455551311,
            "name": "Tasks-Part2-Plan",
            "title": "Tasks - Part 2",
            "mimetype": "application\/vnd.google-apps.spreadsheet",
            "filetype": "gsheet",
            "pretty_type": "GDocs Spreadsheet",
            "user": "U0K0Q03HP",
            "editable": false,
            "size": 1214,
            "mode": "external",
            "is_external": true,
            "external_type": "gdrive",
            "is_public": true,
            "public_url_shared": false,
            "display_as_bot": false,
            "username": "",
            "url_private": "https:\/\/docs.google.com\/a\/umich.edu\/spreadsheets\/d\/1K9jvHGJ_oap3E99JtX7hRmHbSDfp_1gMiCrkwKmA-EI\/edit?usp=drivesdk",
            "thumb_64": "https:\/\/a.slack-edge.com\/66f9\/img\/files\/gsheet_64.png",
            "thumb_360": "https:\/\/a.slack-edge.com\/66f9\/img\/files\/gsheet_360.png",
            "thumb_360_w": 360,
            "thumb_360_h": 167,
            "permalink": "https:\/\/cosmosys.slack.com\/files\/marc\/F0MD7QSAW\/tasks-part2-plan",
            "channels": [
                "C0K0QCUA3"
            ],
            "groups": [
    
            ],
            "ims": [
    
            ],
            "comments_count": 0,
            "pinned_to": [
                "C0K0QCUA3"
            ]
        },
        "ts": "1455551352.000005"
    }
]