[
    {
        "type": "message",
        "user": "U0K0Q03HP",
        "text": "<!channel>: All remaining tasks in the *Tasks - Part 2* spreadsheet have been delegated.",
        "ts": "1456232833.000007",
        "reactions": [
            {
                "name": "+1",
                "users": [
                    "U0K6VU7HC"
                ],
                "count": 1
            }
        ]
    },
    {
        "type": "message",
        "user": "U0KF2HSHZ",
        "text": "Not related to the project but I emailed Steiner and the test is thursday not today.",
        "ts": "1456247182.000008"
    }
]