[
    {
        "type": "message",
        "user": "U0KR98MLH",
        "text": "Attention Everyone: in talking with marc....I understand many of you were enjoying your break instead of completing task.....i need for everyone to get back on track however....",
        "ts": "1457230162.000002"
    },
    {
        "type": "message",
        "user": "U0KR98MLH",
        "text": "if you have any questions or concerns...please contact me....",
        "ts": "1457230211.000003"
    },
    {
        "type": "message",
        "subtype": "file_share",
        "text": "<@U0KR98MLH|camillwi> uploaded a file: <https:\/\/cosmosys.slack.com\/files\/camillwi\/F0QL4EAUQ\/progress_report_williams.docx|Progress Report_Williams.docx> and commented: here is the weekly progress report....not alot of task done",
        "file": {
            "id": "F0QL4EAUQ",
            "created": 1457230266,
            "timestamp": 1457230266,
            "name": "Progress Report_Williams.docx",
            "title": "Progress Report_Williams.docx",
            "mimetype": "application\/vnd.openxmlformats-officedocument.wordprocessingml.document",
            "filetype": "docx",
            "pretty_type": "Word Document",
            "user": "U0KR98MLH",
            "editable": false,
            "size": 50209,
            "mode": "hosted",
            "is_external": false,
            "external_type": "",
            "is_public": true,
            "public_url_shared": false,
            "display_as_bot": false,
            "username": "",
            "url_private": "https:\/\/files.slack.com\/files-pri\/T0K0Q9FS6-F0QL4EAUQ\/progress_report_williams.docx?t=xoxe-19024321890-29726819925-29737085618-34de710835",
            "url_private_download": "https:\/\/files.slack.com\/files-pri\/T0K0Q9FS6-F0QL4EAUQ\/download\/progress_report_williams.docx?t=xoxe-19024321890-29726819925-29737085618-34de710835",
            "permalink": "https:\/\/cosmosys.slack.com\/files\/camillwi\/F0QL4EAUQ\/progress_report_williams.docx",
            "permalink_public": "https:\/\/slack-files.com\/T0K0Q9FS6-F0QL4EAUQ-42972afc15",
            "channels": [
                "C0K0QCUA3"
            ],
            "groups": [
    
            ],
            "ims": [
    
            ],
            "comments_count": 1,
            "initial_comment": {
                "id": "Fc0QL6KWKB",
                "created": 1457230266,
                "timestamp": 1457230266,
                "user": "U0KR98MLH",
                "comment": "here is the weekly progress report....not alot of task done"
            }
        },
        "user": "U0KR98MLH",
        "upload": true,
        "display_as_bot": false,
        "username": "<@U0KR98MLH|camillwi>",
        "bot_id": null,
        "ts": "1457230267.000004"
    }
]