[
    {
        "type": "message",
        "user": "U0K46FWHH",
        "text": "Is there going to be a use case submitted to Steiner for review?",
        "ts": "1456932968.000010"
    },
    {
        "type": "message",
        "user": "U0K0Q03HP",
        "text": "Yes. I figured UC05 since it will touch all the other use cases that involve base functionality.",
        "ts": "1456933674.000011"
    },
    {
        "type": "message",
        "user": "U0K0Q03HP",
        "text": "Did you have a different one in mind? UC02?",
        "ts": "1456933794.000012"
    },
    {
        "type": "message",
        "user": "U0K46FWHH",
        "text": "I was just curious. We hadn\u2019t discussed it and I was going to finish one tonight.",
        "ts": "1456933838.000013"
    },
    {
        "type": "message",
        "user": "U0K0Q03HP",
        "text": "I could be wrong, but I feel like we'd get better feedback if it's a use case for base functionality (even if we expanded that functionality).",
        "ts": "1456933993.000014"
    },
    {
        "type": "message",
        "user": "U0K46FWHH",
        "text": "Send UC05 (didn\u2019t remember which one it was). Getting that one right would be in our best interest because everything will build on it.",
        "ts": "1456934719.000015"
    },
    {
        "type": "message",
        "user": "U0K0Q03HP",
        "text": "My thoughts exactly. :simple_smile:",
        "ts": "1456934755.000016"
    }
]