[
    {
        "type": "message",
        "subtype": "file_share",
        "text": "<@U0KR98MLH|camillwi> uploaded a file: <https:\/\/cosmosys.slack.com\/files\/camillwi\/F0PC73N3B\/progress_report_williams.docx|Progress Report> and commented: after you approve <@U0K0Q03HP> let me know when you upload this...thanks :simple_smile:",
        "file": {
            "id": "F0PC73N3B",
            "created": 1456633822,
            "timestamp": 1456633822,
            "name": "Progress Report_Williams.docx",
            "title": "Progress Report",
            "mimetype": "application\/vnd.openxmlformats-officedocument.wordprocessingml.document",
            "filetype": "docx",
            "pretty_type": "Word Document",
            "user": "U0KR98MLH",
            "editable": false,
            "size": 47968,
            "mode": "hosted",
            "is_external": false,
            "external_type": "",
            "is_public": true,
            "public_url_shared": false,
            "display_as_bot": false,
            "username": "",
            "url_private": "https:\/\/files.slack.com\/files-pri\/T0K0Q9FS6-F0PC73N3B\/progress_report_williams.docx?t=xoxe-19024321890-29726819925-29737085618-34de710835",
            "url_private_download": "https:\/\/files.slack.com\/files-pri\/T0K0Q9FS6-F0PC73N3B\/download\/progress_report_williams.docx?t=xoxe-19024321890-29726819925-29737085618-34de710835",
            "permalink": "https:\/\/cosmosys.slack.com\/files\/camillwi\/F0PC73N3B\/progress_report_williams.docx",
            "permalink_public": "https:\/\/slack-files.com\/T0K0Q9FS6-F0PC73N3B-eacd5ed5cb",
            "channels": [
                "C0K0QCUA3"
            ],
            "groups": [
    
            ],
            "ims": [
    
            ],
            "comments_count": 1,
            "initial_comment": {
                "id": "Fc0PC5PE7J",
                "created": 1456633822,
                "timestamp": 1456633822,
                "user": "U0KR98MLH",
                "comment": "after you approve <@U0K0Q03HP> let me know when you upload this...thanks :simple_smile:"
            }
        },
        "user": "U0KR98MLH",
        "upload": true,
        "display_as_bot": false,
        "username": "<@U0KR98MLH|camillwi>",
        "bot_id": null,
        "ts": "1456633822.000002"
    },
    {
        "type": "message",
        "user": "U0K0Q03HP",
        "text": "Hi Camille, the revised date wasn't updated in the recent progress report. Additionally I forgot to include it in the report I sent to you, but six metrics have been decided upon and three of them have been written so far.",
        "ts": "1456635659.000003"
    },
    {
        "type": "message",
        "user": "U0K0Q03HP",
        "text": "The other three will be written this coming week.",
        "ts": "1456635707.000004"
    },
    {
        "type": "message",
        "subtype": "file_share",
        "text": "<@U0KR98MLH|camillwi> uploaded a file: <https:\/\/cosmosys.slack.com\/files\/camillwi\/F0PC86SBB\/progress_report_williams.docx|Progress Report_Williams.docx> and commented: no problem @marc...thanks for letting me know...here is the updated version...are you going to upload it now?",
        "file": {
            "id": "F0PC86SBB",
            "created": 1456636466,
            "timestamp": 1456636466,
            "name": "Progress Report_Williams.docx",
            "title": "Progress Report_Williams.docx",
            "mimetype": "application\/vnd.openxmlformats-officedocument.wordprocessingml.document",
            "filetype": "docx",
            "pretty_type": "Word Document",
            "user": "U0KR98MLH",
            "editable": false,
            "size": 48095,
            "mode": "hosted",
            "is_external": false,
            "external_type": "",
            "is_public": true,
            "public_url_shared": false,
            "display_as_bot": false,
            "username": "",
            "url_private": "https:\/\/files.slack.com\/files-pri\/T0K0Q9FS6-F0PC86SBB\/progress_report_williams.docx?t=xoxe-19024321890-29726819925-29737085618-34de710835",
            "url_private_download": "https:\/\/files.slack.com\/files-pri\/T0K0Q9FS6-F0PC86SBB\/download\/progress_report_williams.docx?t=xoxe-19024321890-29726819925-29737085618-34de710835",
            "permalink": "https:\/\/cosmosys.slack.com\/files\/camillwi\/F0PC86SBB\/progress_report_williams.docx",
            "permalink_public": "https:\/\/slack-files.com\/T0K0Q9FS6-F0PC86SBB-b7d7b55830",
            "channels": [
                "C0K0QCUA3"
            ],
            "groups": [
    
            ],
            "ims": [
    
            ],
            "comments_count": 1,
            "initial_comment": {
                "id": "Fc0PC86SC9",
                "created": 1456636466,
                "timestamp": 1456636466,
                "user": "U0KR98MLH",
                "comment": "no problem @marc...thanks for letting me know...here is the updated version...are you going to upload it now?"
            }
        },
        "user": "U0KR98MLH",
        "upload": true,
        "display_as_bot": false,
        "username": "<@U0KR98MLH|camillwi>",
        "bot_id": null,
        "ts": "1456636466.000005"
    },
    {
        "type": "message",
        "user": "U0K0Q03HP",
        "text": "Camille, you added the metrics to the accomplishments, but left it as work not completed in the next weeks plan.",
        "ts": "1456638389.000006"
    }
]