[
    {
        "type": "message",
        "user": "U0KF2HSHZ",
        "text": "the dfds are in the visio diagram flie",
        "ts": "1458222819.000002"
    },
    {
        "type": "message",
        "user": "U0K0Q03HP",
        "text": "Great :simple_smile: ",
        "ts": "1458222884.000003"
    },
    {
        "type": "message",
        "user": "U0KR98MLH",
        "text": "good luck on the presentation today everyone :simple_smile: i know yall would do well",
        "ts": "1458230577.000004",
        "reactions": [
            {
                "name": "+1",
                "users": [
                    "U0K6VU7HC"
                ],
                "count": 1
            }
        ]
    },
    {
        "type": "message",
        "user": "U0K46FWHH",
        "text": "Thanks.",
        "ts": "1458231966.000005"
    },
    {
        "type": "message",
        "user": "U0KR98MLH",
        "text": "no problem",
        "ts": "1458232002.000006"
    },
    {
        "type": "message",
        "user": "U0KF2HSHZ",
        "text": "I'm just going to do the rest of the DFDs",
        "ts": "1458235274.000007"
    },
    {
        "type": "message",
        "user": "U0K0Q03HP",
        "text": "Updated activity diagrams in UC01 &amp; UC02",
        "ts": "1458237265.000008"
    },
    {
        "type": "message",
        "user": "U0K46FWHH",
        "text": "Are you sure Jacob? A lot of diagrams.",
        "ts": "1458237563.000009"
    },
    {
        "type": "message",
        "user": "U0KF2HSHZ",
        "text": "Yeah, would someone like to cover the Context, 0DFD and validation in the presentation? :simple_smile:",
        "ts": "1458237982.000010"
    },
    {
        "type": "message",
        "user": "U0KR98MLH",
        "text": "Part 2 is done...congrats everyone for working hard...very proud :simple_smile:",
        "ts": "1458274391.000002",
        "reactions": [
            {
                "name": "cosmosys",
                "users": [
                    "U0K46FWHH",
                    "U0K6VU7HC"
                ],
                "count": 2
            }
        ]
    }
]