[
    {
        "type": "message",
        "subtype": "file_share",
        "text": "<@U0KR98MLH|camillwi> uploaded a file: <https:\/\/cosmosys.slack.com\/files\/camillwi\/F0PCNDGS1\/progress_report_williams.docx|Progress Report_Williams.docx> and commented: sorry about that <@U0K0Q03HP> here you go....let me know when you upload it...",
        "file": {
            "id": "F0PCNDGS1",
            "created": 1456668517,
            "timestamp": 1456668517,
            "name": "Progress Report_Williams.docx",
            "title": "Progress Report_Williams.docx",
            "mimetype": "application\/vnd.openxmlformats-officedocument.wordprocessingml.document",
            "filetype": "docx",
            "pretty_type": "Word Document",
            "user": "U0KR98MLH",
            "editable": false,
            "size": 48254,
            "mode": "hosted",
            "is_external": false,
            "external_type": "",
            "is_public": true,
            "public_url_shared": false,
            "display_as_bot": false,
            "username": "",
            "url_private": "https:\/\/files.slack.com\/files-pri\/T0K0Q9FS6-F0PCNDGS1\/progress_report_williams.docx?t=xoxe-19024321890-29726819925-29737085618-34de710835",
            "url_private_download": "https:\/\/files.slack.com\/files-pri\/T0K0Q9FS6-F0PCNDGS1\/download\/progress_report_williams.docx?t=xoxe-19024321890-29726819925-29737085618-34de710835",
            "permalink": "https:\/\/cosmosys.slack.com\/files\/camillwi\/F0PCNDGS1\/progress_report_williams.docx",
            "permalink_public": "https:\/\/slack-files.com\/T0K0Q9FS6-F0PCNDGS1-cc7121c42a",
            "channels": [
                "C0K0QCUA3"
            ],
            "groups": [
    
            ],
            "ims": [
    
            ],
            "comments_count": 1,
            "initial_comment": {
                "id": "Fc0PCSH4AV",
                "created": 1456668517,
                "timestamp": 1456668517,
                "user": "U0KR98MLH",
                "comment": "sorry about that <@U0K0Q03HP> here you go....let me know when you upload it..."
            }
        },
        "user": "U0KR98MLH",
        "upload": true,
        "display_as_bot": false,
        "username": "<@U0KR98MLH|camillwi>",
        "bot_id": null,
        "ts": "1456668517.000007"
    },
    {
        "type": "message",
        "user": "U0K0Q03HP",
        "text": "Okay, uploading it now.",
        "ts": "1456671984.000008"
    },
    {
        "type": "message",
        "user": "U0KR98MLH",
        "text": "thanks",
        "ts": "1456673099.000009"
    }
]