[
    {
        "type": "message",
        "subtype": "file_share",
        "text": "<@U0K46FWHH|rodney> shared a file: <https:\/\/cosmosys.slack.com\/files\/rodney\/F0LBC3BMW\/highleveltaskview|High level task view>",
        "file": {
            "id": "F0LBC3BMW",
            "created": 1454636140,
            "timestamp": 1454636140,
            "name": "Highleveltaskview",
            "title": "High level task view",
            "mimetype": "application\/vnd.google-apps.document",
            "filetype": "gdoc",
            "pretty_type": "GDocs Document",
            "user": "U0K46FWHH",
            "editable": false,
            "size": 1395,
            "mode": "external",
            "is_external": true,
            "external_type": "gdrive",
            "is_public": true,
            "public_url_shared": false,
            "display_as_bot": false,
            "username": "",
            "url_private": "https:\/\/docs.google.com\/a\/umich.edu\/document\/d\/1sd9KlI3sm-c9GtkpLYRxBj7Fo745EiyDgHkHNfpmsko\/edit?usp=drivesdk",
            "thumb_64": "https:\/\/a.slack-edge.com\/66f9\/img\/files\/gdraw_64.png",
            "thumb_360": "https:\/\/a.slack-edge.com\/272a\/img\/files\/gdoc_360.png",
            "thumb_360_w": 360,
            "thumb_360_h": 167,
            "permalink": "https:\/\/cosmosys.slack.com\/files\/rodney\/F0LBC3BMW\/highleveltaskview",
            "channels": [
                "C0K0QCUA3"
            ],
            "groups": [
    
            ],
            "ims": [
    
            ],
            "comments_count": 0,
            "reactions": [
                {
                    "name": "+1",
                    "users": [
                        "U0K0Q03HP"
                    ],
                    "count": 1
                }
            ]
        },
        "user": "U0K46FWHH",
        "upload": false,
        "display_as_bot": false,
        "username": "<@U0K46FWHH|rodney>",
        "bot_id": null,
        "ts": "1454636161.000003"
    }
]