[
    {
        "type": "message",
        "subtype": "file_share",
        "text": "<@U0KR98MLH|camillwi> uploaded a file: <https:\/\/cosmosys.slack.com\/files\/camillwi\/F0M8VTNPN\/progress_report_williams.docx|Progress Report_Williams.docx> and commented: here is the weekly progress report...check it out and let me know so me and <@U0K0Q03HP> can upload it to canvas...thanks everyone",
        "file": {
            "id": "F0M8VTNPN",
            "created": 1455418981,
            "timestamp": 1455418981,
            "name": "Progress Report_Williams.docx",
            "title": "Progress Report_Williams.docx",
            "mimetype": "application\/vnd.openxmlformats-officedocument.wordprocessingml.document",
            "filetype": "docx",
            "pretty_type": "Word Document",
            "user": "U0KR98MLH",
            "editable": false,
            "size": 43437,
            "mode": "hosted",
            "is_external": false,
            "external_type": "",
            "is_public": true,
            "public_url_shared": false,
            "display_as_bot": false,
            "username": "",
            "url_private": "https:\/\/files.slack.com\/files-pri\/T0K0Q9FS6-F0M8VTNPN\/progress_report_williams.docx?t=xoxe-19024321890-29726819925-29737085618-34de710835",
            "url_private_download": "https:\/\/files.slack.com\/files-pri\/T0K0Q9FS6-F0M8VTNPN\/download\/progress_report_williams.docx?t=xoxe-19024321890-29726819925-29737085618-34de710835",
            "permalink": "https:\/\/cosmosys.slack.com\/files\/camillwi\/F0M8VTNPN\/progress_report_williams.docx",
            "permalink_public": "https:\/\/slack-files.com\/T0K0Q9FS6-F0M8VTNPN-78625ec766",
            "channels": [
                "C0K0QCUA3"
            ],
            "groups": [
    
            ],
            "ims": [
    
            ],
            "comments_count": 1,
            "initial_comment": {
                "id": "Fc0M91P29G",
                "created": 1455418981,
                "timestamp": 1455418981,
                "user": "U0KR98MLH",
                "comment": "here is the weekly progress report...check it out and let me know so me and <@U0K0Q03HP> can upload it to canvas...thanks everyone"
            },
            "reactions": [
                {
                    "name": "white_check_mark",
                    "users": [
                        "U0K0Q03HP"
                    ],
                    "count": 1
                },
                {
                    "name": "+1",
                    "users": [
                        "U0K46FWHH"
                    ],
                    "count": 1
                }
            ]
        },
        "user": "U0KR98MLH",
        "upload": true,
        "display_as_bot": false,
        "username": "<@U0KR98MLH|camillwi>",
        "bot_id": null,
        "ts": "1455418981.000002"
    }
]