[
    {
        "type": "message",
        "subtype": "file_share",
        "text": "<@U0K0Q03HP|marc> shared a file: <https:\/\/cosmosys.slack.com\/files\/marc\/F0VDTJVST\/tasks-part3-plan|Tasks - Part 3>",
        "file": {
            "id": "F0VDTJVST",
            "created": 1458888428,
            "timestamp": 1458888428,
            "name": "Tasks-Part3-Plan",
            "title": "Tasks - Part 3",
            "mimetype": "application\/vnd.google-apps.spreadsheet",
            "filetype": "gsheet",
            "pretty_type": "GDocs Spreadsheet",
            "user": "U0K0Q03HP",
            "editable": false,
            "size": 1199,
            "mode": "external",
            "is_external": true,
            "external_type": "gdrive",
            "is_public": true,
            "public_url_shared": false,
            "display_as_bot": false,
            "username": "",
            "url_private": "https:\/\/docs.google.com\/a\/umich.edu\/spreadsheets\/d\/1rjA00FCww_KV8r20A2wXZmA5FjgJs4ydzMTooIpZyfM\/edit?usp=drivesdk",
            "thumb_64": "https:\/\/a.slack-edge.com\/66f9\/img\/files\/gsheet_64.png",
            "thumb_360": "https:\/\/a.slack-edge.com\/66f9\/img\/files\/gsheet_360.png",
            "thumb_360_w": 360,
            "thumb_360_h": 167,
            "permalink": "https:\/\/cosmosys.slack.com\/files\/marc\/F0VDTJVST\/tasks-part3-plan",
            "channels": [
                "C0K0QCUA3"
            ],
            "groups": [
    
            ],
            "ims": [
    
            ],
            "comments_count": 0,
            "pinned_to": [
                "C0K0QCUA3"
            ]
        },
        "user": "U0K0Q03HP",
        "upload": false,
        "display_as_bot": false,
        "username": "<@U0K0Q03HP|marc>",
        "bot_id": null,
        "ts": "1458888428.000003"
    },
    {
        "type": "message",
        "subtype": "pinned_item",
        "user": "U0K0Q03HP",
        "item_type": "F",
        "text": "<@U0K0Q03HP|marc> pinned their GDocs Spreadsheet <https:\/\/cosmosys.slack.com\/files\/marc\/F0VDTJVST\/tasks-part3-plan|Tasks - Part 3> to this channel.",
        "item": {
            "id": "F0VDTJVST",
            "created": 1458888428,
            "timestamp": 1458888428,
            "name": "Tasks-Part3-Plan",
            "title": "Tasks - Part 3",
            "mimetype": "application\/vnd.google-apps.spreadsheet",
            "filetype": "gsheet",
            "pretty_type": "GDocs Spreadsheet",
            "user": "U0K0Q03HP",
            "editable": false,
            "size": 1199,
            "mode": "external",
            "is_external": true,
            "external_type": "gdrive",
            "is_public": true,
            "public_url_shared": false,
            "display_as_bot": false,
            "username": "",
            "url_private": "https:\/\/docs.google.com\/a\/umich.edu\/spreadsheets\/d\/1rjA00FCww_KV8r20A2wXZmA5FjgJs4ydzMTooIpZyfM\/edit?usp=drivesdk",
            "thumb_64": "https:\/\/a.slack-edge.com\/66f9\/img\/files\/gsheet_64.png",
            "thumb_360": "https:\/\/a.slack-edge.com\/66f9\/img\/files\/gsheet_360.png",
            "thumb_360_w": 360,
            "thumb_360_h": 167,
            "permalink": "https:\/\/cosmosys.slack.com\/files\/marc\/F0VDTJVST\/tasks-part3-plan",
            "channels": [
                "C0K0QCUA3"
            ],
            "groups": [
    
            ],
            "ims": [
    
            ],
            "comments_count": 0,
            "pinned_to": [
                "C0K0QCUA3"
            ]
        },
        "ts": "1458888437.000005"
    }
]