[
    {
        "text": "",
        "bot_id": "B0K0X8SG2",
        "attachments": [
            {
                "fallback": "[cosmosys:master] <https:\/\/github.com\/logicseed\/cosmosys\/commit\/cfa4e90f74f2f2265368250f9253be8392beae8a|1 new commit> by Marc King",
                "text": "<https:\/\/github.com\/logicseed\/cosmosys\/commit\/cfa4e90f74f2f2265368250f9253be8392beae8a|cfa4e90>: Baselined; version: v1.0 - Marc King",
                "pretext": "[cosmosys:master] 1 new commit by Marc King:",
                "id": 1,
                "color": "4183C4",
                "mrkdwn_in": [
                    "text",
                    "pretext"
                ]
            }
        ],
        "type": "message",
        "subtype": "bot_message",
        "ts": "1458683803.000002"
    },
    {
        "text": "",
        "bot_id": "B0K0X8SG2",
        "attachments": [
            {
                "fallback": "[cosmosys:master] <https:\/\/github.com\/logicseed\/cosmosys\/commit\/cc2dead1736355e23cb808eee73a75de5ccdfe44|1 new commit> by Marc King",
                "text": "<https:\/\/github.com\/logicseed\/cosmosys\/commit\/cc2dead1736355e23cb808eee73a75de5ccdfe44|cc2dead>: Baselined; version v2.0 - Marc King",
                "pretext": "[cosmosys:master] 1 new commit by Marc King:",
                "id": 1,
                "color": "4183C4",
                "mrkdwn_in": [
                    "text",
                    "pretext"
                ]
            }
        ],
        "type": "message",
        "subtype": "bot_message",
        "ts": "1458683835.000003"
    }
]