[
    {
        "text": "",
        "bot_id": "B0K0X8SG2",
        "attachments": [
            {
                "fallback": "[cosmosys:master] <https:\/\/github.com\/logicseed\/cosmosys\/commit\/81c06fae6aa6d176bf837a35b2407225a7055813|1 new commit> by logicseed",
                "text": "<https:\/\/github.com\/logicseed\/cosmosys\/commit\/81c06fae6aa6d176bf837a35b2407225a7055813|81c06fa>: Added rough Traceability Matrix to Working Documents - logicseed",
                "pretext": "[cosmosys:master] 1 new commit by logicseed:",
                "id": 1,
                "color": "4183C4",
                "mrkdwn_in": [
                    "text",
                    "pretext"
                ]
            }
        ],
        "type": "message",
        "subtype": "bot_message",
        "ts": "1455987708.000002"
    },
    {
        "text": "",
        "bot_id": "B0K0X8SG2",
        "attachments": [
            {
                "fallback": "[cosmosys:master] <https:\/\/github.com\/logicseed\/cosmosys\/commit\/c655c1d252f04f5a924ad5b8100545e3a06e5a2d|1 new commit> by logicseed",
                "text": "<https:\/\/github.com\/logicseed\/cosmosys\/commit\/c655c1d252f04f5a924ad5b8100545e3a06e5a2d|c655c1d>: Updated Use Case templates to make more space between the content and the footers. - logicseed",
                "pretext": "[cosmosys:master] 1 new commit by logicseed:",
                "id": 1,
                "color": "4183C4",
                "mrkdwn_in": [
                    "text",
                    "pretext"
                ]
            }
        ],
        "type": "message",
        "subtype": "bot_message",
        "ts": "1456000175.000003"
    },
    {
        "text": "",
        "bot_id": "B0K0X8SG2",
        "attachments": [
            {
                "fallback": "[cosmosys:master] <https:\/\/github.com\/logicseed\/cosmosys\/commit\/c74530e1d56a24a4ba894c7fafa6f1fcc2f362ad|1 new commit> by logicseed",
                "text": "<https:\/\/github.com\/logicseed\/cosmosys\/commit\/c74530e1d56a24a4ba894c7fafa6f1fcc2f362ad|c74530e>: Added the Complete Entity Relationship Diagram - logicseed",
                "pretext": "[cosmosys:master] 1 new commit by logicseed:",
                "id": 1,
                "color": "4183C4",
                "mrkdwn_in": [
                    "text",
                    "pretext"
                ]
            }
        ],
        "type": "message",
        "subtype": "bot_message",
        "ts": "1456006975.000004"
    },
    {
        "text": "",
        "bot_id": "B0K0X8SG2",
        "attachments": [
            {
                "fallback": "[cosmosys:master] <https:\/\/github.com\/logicseed\/cosmosys\/commit\/361c9fd0cc2430b898657eb9b9318c2c8eb7edb6|1 new commit> by logicseed",
                "text": "<https:\/\/github.com\/logicseed\/cosmosys\/commit\/361c9fd0cc2430b898657eb9b9318c2c8eb7edb6|361c9fd>: Added Specificity, Completeness, and Responsibility metrics for the Analysis Metrics section (8.3). - logicseed",
                "pretext": "[cosmosys:master] 1 new commit by logicseed:",
                "id": 1,
                "color": "4183C4",
                "mrkdwn_in": [
                    "text",
                    "pretext"
                ]
            }
        ],
        "type": "message",
        "subtype": "bot_message",
        "ts": "1456008455.000005"
    }
]