[
    {
        "text": "",
        "bot_id": "B0K0X8SG2",
        "attachments": [
            {
                "fallback": "[cosmosys:master] <https:\/\/github.com\/logicseed\/cosmosys\/commit\/1f2d712ca8ce2609026eab34b6f0e6addc787414|1 new commit> by Marc King",
                "text": "<https:\/\/github.com\/logicseed\/cosmosys\/commit\/1f2d712ca8ce2609026eab34b6f0e6addc787414|1f2d712>: Renamed use case files, and added all recent use case additions to VS solution. - Marc King",
                "pretext": "[cosmosys:master] 1 new commit by Marc King:",
                "id": 1,
                "color": "4183C4",
                "mrkdwn_in": [
                    "text",
                    "pretext"
                ]
            }
        ],
        "type": "message",
        "subtype": "bot_message",
        "ts": "1457356069.000010"
    },
    {
        "text": "",
        "bot_id": "B0K0X8SG2",
        "attachments": [
            {
                "fallback": "[cosmosys:master] <https:\/\/github.com\/logicseed\/cosmosys\/commit\/b6b23853e59213bc2d7b43f28f3f79102968f4f5|1 new commit> by Marc King",
                "text": "<https:\/\/github.com\/logicseed\/cosmosys\/commit\/b6b23853e59213bc2d7b43f28f3f79102968f4f5|b6b2385>: Update Use Case Activity Diagram and the list of actors. v1.1 - Marc King",
                "pretext": "[cosmosys:master] 1 new commit by Marc King:",
                "id": 1,
                "color": "4183C4",
                "mrkdwn_in": [
                    "text",
                    "pretext"
                ]
            }
        ],
        "type": "message",
        "subtype": "bot_message",
        "ts": "1457367949.000011"
    },
    {
        "text": "",
        "bot_id": "B0K0X8SG2",
        "attachments": [
            {
                "fallback": "[cosmosys:master] <https:\/\/github.com\/logicseed\/cosmosys\/commit\/9b0f5e543bb2ab0138f99e20926a1457f98b9170|1 new commit> by alylakhani",
                "text": "<https:\/\/github.com\/logicseed\/cosmosys\/commit\/9b0f5e543bb2ab0138f99e20926a1457f98b9170|9b0f5e5>: Uploading use case 01 and 10 - alylakhani",
                "pretext": "[cosmosys:master] 1 new commit by alylakhani:",
                "id": 1,
                "color": "4183C4",
                "mrkdwn_in": [
                    "text",
                    "pretext"
                ]
            }
        ],
        "type": "message",
        "subtype": "bot_message",
        "ts": "1457373393.000012"
    },
    {
        "text": "",
        "bot_id": "B0K0X8SG2",
        "attachments": [
            {
                "fallback": "[cosmosys:master] <https:\/\/github.com\/logicseed\/cosmosys\/commit\/a382a29a7e005014b9a0962f1c85bebd6528dbdd|1 new commit> by Marc King",
                "text": "<https:\/\/github.com\/logicseed\/cosmosys\/commit\/a382a29a7e005014b9a0962f1c85bebd6528dbdd|a382a29>: Renamed files and added to VS solution. - Marc King",
                "pretext": "[cosmosys:master] 1 new commit by Marc King:",
                "id": 1,
                "color": "4183C4",
                "mrkdwn_in": [
                    "text",
                    "pretext"
                ]
            }
        ],
        "type": "message",
        "subtype": "bot_message",
        "ts": "1457373961.000013"
    }
]