[
    {
        "text": "",
        "bot_id": "B0K0X8SG2",
        "attachments": [
            {
                "fallback": "[cosmosys:master] <https:\/\/github.com\/logicseed\/cosmosys\/commit\/849633ecb09b1eadf7adb3a9b44d40ca612d2d26|1 new commit> by logicseed",
                "text": "<https:\/\/github.com\/logicseed\/cosmosys\/commit\/849633ecb09b1eadf7adb3a9b44d40ca612d2d26|849633e>: Added document templates for Part 2 of the software development. - logicseed",
                "pretext": "[cosmosys:master] 1 new commit by logicseed:",
                "id": 1,
                "color": "4183C4",
                "mrkdwn_in": [
                    "text",
                    "pretext"
                ]
            }
        ],
        "type": "message",
        "subtype": "bot_message",
        "ts": "1455941654.000002"
    },
    {
        "text": "",
        "bot_id": "B0K0X8SG2",
        "attachments": [
            {
                "fallback": "[cosmosys:master] <https:\/\/github.com\/logicseed\/cosmosys\/commit\/09d5c7d998eb4e7cce57f5e46653e507d1d39052|1 new commit> by logicseed",
                "text": "<https:\/\/github.com\/logicseed\/cosmosys\/commit\/09d5c7d998eb4e7cce57f5e46653e507d1d39052|09d5c7d>: Organized existing baseline documents and created directory for working documents. Also created the first revision of the Software Requirements Specification Document. - logicseed",
                "pretext": "[cosmosys:master] 1 new commit by logicseed:",
                "id": 1,
                "color": "4183C4",
                "mrkdwn_in": [
                    "text",
                    "pretext"
                ]
            }
        ],
        "type": "message",
        "subtype": "bot_message",
        "ts": "1455942697.000003"
    }
]