[
    {
        "text": "",
        "bot_id": "B0K0X8SG2",
        "attachments": [
            {
                "fallback": "[cosmosys:master] <https:\/\/github.com\/logicseed\/cosmosys\/compare\/ed1115d0f446...b8633257b1b8|2 new commits> by Marc King",
                "text": "<https:\/\/github.com\/logicseed\/cosmosys\/commit\/bc33d71e618cbfca26318ee6f8eb06a90542e259|bc33d71>: Added relationships between UC05 and any use case that can be performed by the Process actor; UC01, UC03, UC04, UC06, UC07. - Marc King\n <https:\/\/github.com\/logicseed\/cosmosys\/commit\/b8633257b1b8530d6f6995ca276742a1b5d76661|b863325>: Merge branch 'master' of <https:\/\/github.com\/logicseed\/cosmosys.git> - Marc King",
                "pretext": "[cosmosys:master] <https:\/\/github.com\/logicseed\/cosmosys\/compare\/ed1115d0f446...b8633257b1b8|2 new commits> by Marc King:",
                "id": 1,
                "color": "4183C4",
                "mrkdwn_in": [
                    "text",
                    "pretext"
                ]
            }
        ],
        "type": "message",
        "subtype": "bot_message",
        "ts": "1457283541.000004"
    },
    {
        "text": "",
        "bot_id": "B0K0X8SG2",
        "attachments": [
            {
                "fallback": "[cosmosys:master] <https:\/\/github.com\/logicseed\/cosmosys\/commit\/ec829b43f56b23ccb06ff9a2e93fe87f7a22bbd7|1 new commit> by jvachere",
                "text": "<https:\/\/github.com\/logicseed\/cosmosys\/commit\/ec829b43f56b23ccb06ff9a2e93fe87f7a22bbd7|ec829b4>: Added files via upload - jvachere",
                "pretext": "[cosmosys:master] 1 new commit by jvachere:",
                "id": 1,
                "color": "4183C4",
                "mrkdwn_in": [
                    "text",
                    "pretext"
                ]
            }
        ],
        "type": "message",
        "subtype": "bot_message",
        "ts": "1457305742.000005"
    },
    {
        "text": "",
        "bot_id": "B0K0X8SG2",
        "attachments": [
            {
                "fallback": "[cosmosys:master] <https:\/\/github.com\/logicseed\/cosmosys\/commit\/3d691453f65eae0a0cfcecd664f6563eb57b5683|1 new commit> by jvachere",
                "text": "<https:\/\/github.com\/logicseed\/cosmosys\/commit\/3d691453f65eae0a0cfcecd664f6563eb57b5683|3d69145>: Added files via upload - jvachere",
                "pretext": "[cosmosys:master] 1 new commit by jvachere:",
                "id": 1,
                "color": "4183C4",
                "mrkdwn_in": [
                    "text",
                    "pretext"
                ]
            }
        ],
        "type": "message",
        "subtype": "bot_message",
        "ts": "1457308669.000006"
    },
    {
        "text": "",
        "bot_id": "B0K0X8SG2",
        "attachments": [
            {
                "fallback": "[cosmosys:master] <https:\/\/github.com\/logicseed\/cosmosys\/commit\/1ef700a6d67a92b1341289fb70f898ba221233d9|1 new commit> by fz0316",
                "text": "<https:\/\/github.com\/logicseed\/cosmosys\/commit\/1ef700a6d67a92b1341289fb70f898ba221233d9|1ef700a>: Added files via upload - fz0316",
                "pretext": "[cosmosys:master] 1 new commit by fz0316:",
                "id": 1,
                "color": "4183C4",
                "mrkdwn_in": [
                    "text",
                    "pretext"
                ]
            }
        ],
        "type": "message",
        "subtype": "bot_message",
        "ts": "1457317870.000007"
    },
    {
        "text": "",
        "bot_id": "B0K0X8SG2",
        "attachments": [
            {
                "fallback": "[cosmosys:master] <https:\/\/github.com\/logicseed\/cosmosys\/commit\/fe6dad10291327fb5870558edd79a23da16d94d5|1 new commit> by jvachere",
                "text": "<https:\/\/github.com\/logicseed\/cosmosys\/commit\/fe6dad10291327fb5870558edd79a23da16d94d5|fe6dad1>: Added section seven except expected test results and fixed my use case names - jvachere",
                "pretext": "[cosmosys:master] 1 new commit by jvachere:",
                "id": 1,
                "color": "4183C4",
                "mrkdwn_in": [
                    "text",
                    "pretext"
                ]
            }
        ],
        "type": "message",
        "subtype": "bot_message",
        "ts": "1457321706.000008"
    },
    {
        "text": "",
        "bot_id": "B0K0X8SG2",
        "attachments": [
            {
                "fallback": "[cosmosys:master] <https:\/\/github.com\/logicseed\/cosmosys\/commit\/80d6e2b5a6de3fd0c8aa41300c67c211ab2088f5|1 new commit> by jvachere",
                "text": "<https:\/\/github.com\/logicseed\/cosmosys\/commit\/80d6e2b5a6de3fd0c8aa41300c67c211ab2088f5|80d6e2b>: Validation responses - jvachere",
                "pretext": "[cosmosys:master] 1 new commit by jvachere:",
                "id": 1,
                "color": "4183C4",
                "mrkdwn_in": [
                    "text",
                    "pretext"
                ]
            }
        ],
        "type": "message",
        "subtype": "bot_message",
        "ts": "1457327556.000009"
    }
]