[
    {
        "text": "",
        "bot_id": "B0K0X8SG2",
        "attachments": [
            {
                "fallback": "[cosmosys:master] <https:\/\/github.com\/logicseed\/cosmosys\/commit\/3854eb75b049f31ad573fb8b2ec49a35cb0ac4c1|1 new commit> by logicseed",
                "text": "<https:\/\/github.com\/logicseed\/cosmosys\/commit\/3854eb75b049f31ad573fb8b2ec49a35cb0ac4c1|3854eb7>: Corrected GitHub's web upload name changes. - logicseed",
                "pretext": "[cosmosys:master] 1 new commit by logicseed:",
                "id": 1,
                "color": "4183C4",
                "mrkdwn_in": [
                    "text",
                    "pretext"
                ]
            }
        ],
        "type": "message",
        "subtype": "bot_message",
        "ts": "1456592768.000002"
    },
    {
        "text": "",
        "bot_id": "B0K0X8SG2",
        "attachments": [
            {
                "fallback": "[cosmosys:master] <https:\/\/github.com\/logicseed\/cosmosys\/commit\/efa4343adecc91f45875ba5418b0983d321c9d65|1 new commit> by Rodney Lewis",
                "text": "<https:\/\/github.com\/logicseed\/cosmosys\/commit\/efa4343adecc91f45875ba5418b0983d321c9d65|efa4343>: Initialized Modify Route use case document - Rodney Lewis",
                "pretext": "[cosmosys:master] 1 new commit by Rodney Lewis:",
                "id": 1,
                "color": "4183C4",
                "mrkdwn_in": [
                    "text",
                    "pretext"
                ]
            }
        ],
        "type": "message",
        "subtype": "bot_message",
        "ts": "1456594503.000003"
    },
    {
        "text": "",
        "bot_id": "B0K0X8SG2",
        "attachments": [
            {
                "fallback": "[cosmosys:master] <https:\/\/github.com\/logicseed\/cosmosys\/commit\/be3541336af6f1658476407230ad9b83a61e61ff|1 new commit> by logicseed",
                "text": "<https:\/\/github.com\/logicseed\/cosmosys\/commit\/be3541336af6f1658476407230ad9b83a61e61ff|be35413>: Added Use Case - Modify Route.docx to the VS solution. - logicseed",
                "pretext": "[cosmosys:master] 1 new commit by logicseed:",
                "id": 1,
                "color": "4183C4",
                "mrkdwn_in": [
                    "text",
                    "pretext"
                ]
            }
        ],
        "type": "message",
        "subtype": "bot_message",
        "ts": "1456595024.000004"
    }
]