[
    {
        "text": "",
        "bot_id": "B0K0X8SG2",
        "attachments": [
            {
                "fallback": "[cosmosys:master] <https:\/\/github.com\/logicseed\/cosmosys\/commit\/6f278b851568967a87fd089442ac819dd2a0d596|1 new commit> by logicseed",
                "text": "<https:\/\/github.com\/logicseed\/cosmosys\/commit\/6f278b851568967a87fd089442ac819dd2a0d596|6f278b8>: Added initial content for Modify Item, Modify Settings, and Process Batch File use cases. Added initial content for Use Case Summary Document. - logicseed",
                "pretext": "[cosmosys:master] 1 new commit by logicseed:",
                "id": 1,
                "color": "4183C4",
                "mrkdwn_in": [
                    "text",
                    "pretext"
                ]
            }
        ],
        "type": "message",
        "subtype": "bot_message",
        "ts": "1456153095.000002"
    },
    {
        "text": "",
        "bot_id": "B0K0X8SG2",
        "attachments": [
            {
                "fallback": "[cosmosys:master] <https:\/\/github.com\/logicseed\/cosmosys\/commit\/7a6c31b5d748e700e7a7ec34d63b81ddaa1b9fc1|1 new commit> by logicseed",
                "text": "<https:\/\/github.com\/logicseed\/cosmosys\/commit\/7a6c31b5d748e700e7a7ec34d63b81ddaa1b9fc1|7a6c31b>: Updated Traceability Matrix with Use Case specification document names. - logicseed",
                "pretext": "[cosmosys:master] 1 new commit by logicseed:",
                "id": 1,
                "color": "4183C4",
                "mrkdwn_in": [
                    "text",
                    "pretext"
                ]
            }
        ],
        "type": "message",
        "subtype": "bot_message",
        "ts": "1456154419.000003"
    },
    {
        "text": "",
        "bot_id": "B0K0X8SG2",
        "attachments": [
            {
                "fallback": "[cosmosys:master] <https:\/\/github.com\/logicseed\/cosmosys\/commit\/f6e967794f3292d8a372047f6534de3a2461eaec|1 new commit> by logicseed",
                "text": "<https:\/\/github.com\/logicseed\/cosmosys\/commit\/f6e967794f3292d8a372047f6534de3a2461eaec|f6e9677>: Deleted and removed UML Design project from the VS solution since we will not be using VS as a UML CASE tool. - logicseed",
                "pretext": "[cosmosys:master] 1 new commit by logicseed:",
                "id": 1,
                "color": "4183C4",
                "mrkdwn_in": [
                    "text",
                    "pretext"
                ]
            }
        ],
        "type": "message",
        "subtype": "bot_message",
        "ts": "1456155406.000004"
    }
]