[
    {
        "text": "",
        "bot_id": "B0K0X8SG2",
        "attachments": [
            {
                "fallback": "[cosmosys:master] <https:\/\/github.com\/logicseed\/cosmosys\/compare\/be3541336af6...db35cb47b28d|6 new commits> by Marc King",
                "text": "<https:\/\/github.com\/logicseed\/cosmosys\/commit\/8b59cc5a88937eeaac7227974057b28ab3f94ba8|8b59cc5>: Baselined at version 1.0 for pre-submission. - Marc King\n <https:\/\/github.com\/logicseed\/cosmosys\/commit\/22ffddc2cbf291bb41aea1753b45601a514270f6|22ffddc>: Completed initial content, version 0.3. - Marc King\n <https:\/\/github.com\/logicseed\/cosmosys\/commit\/66d7b16adaab37d69994ed10a028a3e284af863c|66d7b16>: Completed initial content, version 0.3. - Marc King\n <https:\/\/github.com\/logicseed\/cosmosys\/commit\/00d97722cf7d7422d5ef2f79ecbdd6889c68908d|00d9772>: Changed the formating to match the template used in all other documents. - Marc King\n <https:\/\/github.com\/logicseed\/cosmosys\/commit\/055475afb32a4b8de2a9dcc744938e7638301a08|055475a>: Added use case diagrams; version 0.3 - Marc King\n <https:\/\/github.com\/logicseed\/cosmosys\/commit\/db35cb47b28dc76c16dd562ab887bf8a495d2d6d|db35cb4>: Revised introduction. - Marc King",
                "pretext": "[cosmosys:master] <https:\/\/github.com\/logicseed\/cosmosys\/compare\/be3541336af6...db35cb47b28d|6 new commits> by Marc King:",
                "id": 1,
                "color": "4183C4",
                "mrkdwn_in": [
                    "text",
                    "pretext"
                ]
            }
        ],
        "type": "message",
        "subtype": "bot_message",
        "ts": "1457214442.000002"
    },
    {
        "text": "",
        "bot_id": "B0K0X8SG2",
        "attachments": [
            {
                "fallback": "[cosmosys:master] <https:\/\/github.com\/logicseed\/cosmosys\/compare\/db35cb47b28d...ed1115d0f446|2 new commits> by Rodney Lewis",
                "text": "<https:\/\/github.com\/logicseed\/cosmosys\/commit\/e28192b645fec868d070430f45273b442bf3af69|e28192b>: Updated draft of Modify Driver v0.4 and Modify Route v0.3. - Rodney Lewis\n <https:\/\/github.com\/logicseed\/cosmosys\/commit\/ed1115d0f4464d5bd6c7185b789c97f26a111b8e|ed1115d>: Merge branch 'master' of <https:\/\/github.com\/logicseed\/cosmosys.git> - Rodney Lewis",
                "pretext": "[cosmosys:master] <https:\/\/github.com\/logicseed\/cosmosys\/compare\/db35cb47b28d...ed1115d0f446|2 new commits> by Rodney Lewis:",
                "id": 1,
                "color": "4183C4",
                "mrkdwn_in": [
                    "text",
                    "pretext"
                ]
            }
        ],
        "type": "message",
        "subtype": "bot_message",
        "ts": "1457232403.000003"
    }
]