[
    {
        "text": "",
        "bot_id": "B0K0X8SG2",
        "attachments": [
            {
                "fallback": "[cosmosys] New branch \"<https:\/\/github.com\/logicseed\/cosmosys\/tree\/gui_prototype|gui_prototype>\" was pushed by logicseed",
                "text": "[cosmosys] New branch \"<https:\/\/github.com\/logicseed\/cosmosys\/tree\/gui_prototype|gui_prototype>\" was pushed by logicseed",
                "id": 1,
                "color": "4183C4",
                "mrkdwn_in": [
                    "text",
                    "pretext"
                ]
            }
        ],
        "type": "message",
        "subtype": "bot_message",
        "ts": "1459012912.000002"
    },
    {
        "text": "",
        "bot_id": "B0K0X8SG2",
        "attachments": [
            {
                "fallback": "[logicseed\/cosmosys] Pull request submitted: '#1 Sales Panels prototype.' https:\/\/github.com\/logicseed\/cosmosys\/pull\/1 by logicseed",
                "text": "Still needs to code to handle view swapping and getting data to populate the grid and chart. I'm merging this because some changes need to be made to the master and I want to continue prototyping the GUI with those changes. Git would normally handle this easily enough but I'm hesitant to rely on it in this case because the master changes involve the VS solution and its projects.",
                "pretext": "[logicseed\/cosmosys] Pull request submitted by <https:\/\/github.com\/logicseed|logicseed>",
                "title": "#1 Sales Panels prototype.",
                "id": 1,
                "title_link": "https:\/\/github.com\/logicseed\/cosmosys\/pull\/1",
                "color": "6CC644",
                "mrkdwn_in": [
                    "text",
                    "pretext"
                ]
            }
        ],
        "type": "message",
        "subtype": "bot_message",
        "ts": "1459013267.000003"
    },
    {
        "text": "",
        "bot_id": "B0K0X8SG2",
        "attachments": [
            {
                "fallback": "[logicseed\/cosmosys] Pull request closed: <https:\/\/github.com\/logicseed\/cosmosys\/pull\/1|#1 Sales Panels prototype.> by <https:\/\/github.com\/logicseed|logicseed>",
                "text": "[logicseed\/cosmosys] Pull request closed: <https:\/\/github.com\/logicseed\/cosmosys\/pull\/1|#1 Sales Panels prototype.> by <https:\/\/github.com\/logicseed|logicseed>",
                "id": 1,
                "color": "E3E4E6",
                "mrkdwn_in": [
                    "text",
                    "pretext"
                ]
            }
        ],
        "type": "message",
        "subtype": "bot_message",
        "ts": "1459013304.000004"
    },
    {
        "text": "",
        "bot_id": "B0K0X8SG2",
        "attachments": [
            {
                "fallback": "[cosmosys:master] <https:\/\/github.com\/logicseed\/cosmosys\/compare\/cc2dead17363...e635dd5f5dd7|9 new commits> by Marc King",
                "text": "<https:\/\/github.com\/logicseed\/cosmosys\/commit\/24c8a78c67d78a20ad2b51af7194486cdc45d21a|24c8a78>: Renamed main WinForm. - Marc King\n <https:\/\/github.com\/logicseed\/cosmosys\/commit\/8a0e8e2a8f5b66ca880c57be5bc4181f7895a85e|8a0e8e2>: Initial GUI layout - Marc King\n <https:\/\/github.com\/logicseed\/cosmosys\/commit\/8daed1a71ba5e9fa0cbbedb69d245479597e30e8|8daed1a>: Created MainForm prototype, including mainToolStrip with main buttons, and mainStatusStrip with status label and progress bar. - Marc King\n <https:\/\/github.com\/logicseed\/cosmosys\/commit\/f1bd7e25c9cb35528c8766010edaf80006396405|f1bd7e2>: Created SalesPanel prototype. - Marc King\n <https:\/\/github.com\/logicseed\/cosmosys\/commit\/642b65df52ebcfc105b5d4ebc5d501e355a03e18|642b65d>: Made the toolbar panel layout generic for use with other views. - Marc King\n <https:\/\/github.com\/logicseed\/cosmosys\/commit\/9753d310ddc6306f8116c6638db0e57d57218010|9753d31>: Renamed View project to Application, having multiple projects (not including the unit testing project) will just cause an unnecessary burden without benefit. - Marc King\n <https:\/\/github.com\/logicseed\/cosmosys\/commit\/b08776ae1bb4df60a114069d62bfad4776bc6369|b08776a>: Renamed unit test project. - Marc King\n <https:\/\/github.com\/logicseed\/cosmosys\/commit\/8967c1c8b7900e2127e31950decf7c32fcfea127|8967c1c>: Added chart panel to sales. - Marc King\n <https:\/\/github.com\/logicseed\/cosmosys\/commit\/e635dd5f5dd7228a73584477967331fdab75c051|e635dd5>: Merge pull request #1 from logicseed\/gui_prototype - Marc King",
                "pretext": "[cosmosys:master] <https:\/\/github.com\/logicseed\/cosmosys\/compare\/cc2dead17363...e635dd5f5dd7|9 new commits> by Marc King:",
                "id": 1,
                "color": "4183C4",
                "mrkdwn_in": [
                    "text",
                    "pretext"
                ]
            }
        ],
        "type": "message",
        "subtype": "bot_message",
        "ts": "1459013306.000005"
    }
]