[
    {
        "text": "",
        "bot_id": "B0K0X8SG2",
        "attachments": [
            {
                "fallback": "[cosmosys:master] <https:\/\/github.com\/logicseed\/cosmosys\/commit\/bebf99cad04844a77914acd3d7af65082d3d1f43|1 new commit> by Rodney Lewis",
                "text": "<https:\/\/github.com\/logicseed\/cosmosys\/commit\/bebf99cad04844a77914acd3d7af65082d3d1f43|bebf99c>: Added files via upload - Rodney Lewis",
                "pretext": "[cosmosys:master] 1 new commit by Rodney Lewis:",
                "id": 1,
                "color": "4183C4",
                "mrkdwn_in": [
                    "text",
                    "pretext"
                ]
            }
        ],
        "type": "message",
        "subtype": "bot_message",
        "ts": "1456552924.000002"
    },
    {
        "text": "",
        "bot_id": "B0K0X8SG2",
        "attachments": [
            {
                "fallback": "[cosmosys:master] <https:\/\/github.com\/logicseed\/cosmosys\/commit\/91eeef5c179aea8a1ebf7e288f79b0def8e16a80|1 new commit> by Rodney Lewis",
                "text": "<https:\/\/github.com\/logicseed\/cosmosys\/commit\/91eeef5c179aea8a1ebf7e288f79b0def8e16a80|91eeef5>: Added files via upload - Rodney Lewis",
                "pretext": "[cosmosys:master] 1 new commit by Rodney Lewis:",
                "id": 1,
                "color": "4183C4",
                "mrkdwn_in": [
                    "text",
                    "pretext"
                ]
            }
        ],
        "type": "message",
        "subtype": "bot_message",
        "ts": "1456553528.000003"
    }
]