[
    {
        "type": "message",
        "subtype": "file_share",
        "text": "<@U0K0Q03HP|marc> shared a file: <https:\/\/cosmosys.slack.com\/files\/marc\/F0P3C0QA0\/meetingagenda2016-2-25|Meeting Agenda 2016-2-25>",
        "file": {
            "id": "F0P3C0QA0",
            "created": 1456428453,
            "timestamp": 1456428453,
            "name": "MeetingAgenda2016-2-25",
            "title": "Meeting Agenda 2016-2-25",
            "mimetype": "application\/vnd.google-apps.document",
            "filetype": "gdoc",
            "pretty_type": "GDocs Document",
            "user": "U0K0Q03HP",
            "editable": false,
            "size": 518,
            "mode": "external",
            "is_external": true,
            "external_type": "gdrive",
            "is_public": true,
            "public_url_shared": false,
            "display_as_bot": false,
            "username": "",
            "url_private": "https:\/\/docs.google.com\/a\/umich.edu\/document\/d\/1SGAbwPDdI1rpw2ZJoj9TfiRyf5NAIcqBZUmh4tEUQfg\/edit?usp=drivesdk",
            "thumb_64": "https:\/\/a.slack-edge.com\/66f9\/img\/files\/gdraw_64.png",
            "thumb_360": "https:\/\/a.slack-edge.com\/272a\/img\/files\/gdoc_360.png",
            "thumb_360_w": 360,
            "thumb_360_h": 167,
            "permalink": "https:\/\/cosmosys.slack.com\/files\/marc\/F0P3C0QA0\/meetingagenda2016-2-25",
            "channels": [
                "C0KS39KC6"
            ],
            "groups": [
    
            ],
            "ims": [
    
            ],
            "comments_count": 0
        },
        "user": "U0K0Q03HP",
        "upload": false,
        "display_as_bot": false,
        "username": "<@U0K0Q03HP|marc>",
        "bot_id": null,
        "ts": "1456428453.000003"
    }
]