[
    {
        "type": "message",
        "subtype": "file_share",
        "text": "<@U0K46FWHH|rodney> uploaded a file: <https:\/\/cosmosys.slack.com\/files\/rodney\/F0VCPPA3E\/task_list_draft.docx|Task list draft.docx>",
        "file": {
            "id": "F0VCPPA3E",
            "created": 1458869965,
            "timestamp": 1458869965,
            "name": "Task list draft.docx",
            "title": "Task list draft.docx",
            "mimetype": "application\/vnd.openxmlformats-officedocument.wordprocessingml.document",
            "filetype": "docx",
            "pretty_type": "Word Document",
            "user": "U0K46FWHH",
            "editable": false,
            "size": 13157,
            "mode": "hosted",
            "is_external": false,
            "external_type": "",
            "is_public": true,
            "public_url_shared": false,
            "display_as_bot": false,
            "username": "",
            "url_private": "https:\/\/files.slack.com\/files-pri\/T0K0Q9FS6-F0VCPPA3E\/task_list_draft.docx?t=xoxe-19024321890-29726819925-29737085618-34de710835",
            "url_private_download": "https:\/\/files.slack.com\/files-pri\/T0K0Q9FS6-F0VCPPA3E\/download\/task_list_draft.docx?t=xoxe-19024321890-29726819925-29737085618-34de710835",
            "permalink": "https:\/\/cosmosys.slack.com\/files\/rodney\/F0VCPPA3E\/task_list_draft.docx",
            "permalink_public": "https:\/\/slack-files.com\/T0K0Q9FS6-F0VCPPA3E-4928c9ab39",
            "channels": [
                "C0KS39KC6"
            ],
            "groups": [
    
            ],
            "ims": [
    
            ],
            "comments_count": 0
        },
        "user": "U0K46FWHH",
        "upload": true,
        "display_as_bot": false,
        "username": "<@U0K46FWHH|rodney>",
        "bot_id": null,
        "ts": "1458869965.000002"
    }
]