[
    {
        "type": "message",
        "subtype": "file_share",
        "text": "<@U0K0Q03HP|marc> shared a file: <https:\/\/cosmosys.slack.com\/files\/marc\/F0MD39KT6\/meetingagenda2016-2-18|Meeting Agenda 2016-2-18>",
        "file": {
            "id": "F0MD39KT6",
            "created": 1455551898,
            "timestamp": 1455551898,
            "name": "MeetingAgenda2016-2-18",
            "title": "Meeting Agenda 2016-2-18",
            "mimetype": "application\/vnd.google-apps.document",
            "filetype": "gdoc",
            "pretty_type": "GDocs Document",
            "user": "U0K0Q03HP",
            "editable": false,
            "size": 460,
            "mode": "external",
            "is_external": true,
            "external_type": "gdrive",
            "is_public": true,
            "public_url_shared": false,
            "display_as_bot": false,
            "username": "",
            "url_private": "https:\/\/docs.google.com\/a\/umich.edu\/document\/d\/130A-_32KtS8f7ZXltU3YXmc-g5rtqubP-jLJoSPkHZM\/edit?usp=drivesdk",
            "thumb_64": "https:\/\/a.slack-edge.com\/66f9\/img\/files\/gdraw_64.png",
            "thumb_360": "https:\/\/a.slack-edge.com\/272a\/img\/files\/gdoc_360.png",
            "thumb_360_w": 360,
            "thumb_360_h": 167,
            "permalink": "https:\/\/cosmosys.slack.com\/files\/marc\/F0MD39KT6\/meetingagenda2016-2-18",
            "channels": [
                "C0KS39KC6"
            ],
            "groups": [
    
            ],
            "ims": [
    
            ],
            "comments_count": 1
        },
        "user": "U0K0Q03HP",
        "upload": false,
        "display_as_bot": false,
        "username": "<@U0K0Q03HP|marc>",
        "bot_id": null,
        "ts": "1455551898.000003"
    }
]