[
    {
        "type": "message",
        "user": "U0K0Q03HP",
        "text": "<!channel> Just a reminder that we have a meeting scheduled for tonight following the lecture. We'll be taking the group photo, so try to dress sharp. :wink: We'll also discuss some details regarding the presentation on Thursday and hopefully we'll have time to go over the SPMP together to make sure everyone agrees with everything.",
        "ts": "1455025839.000002"
    },
    {
        "type": "message",
        "user": "U0K0Q03HP",
        "text": "Meeting Minutes:",
        "ts": "1455071025.000002"
    },
    {
        "type": "message",
        "user": "U0K0Q03HP",
        "text": "Bullet point (4) from everyone for functionality\nCome up with short introduction involving college program and aspirations\nCome up with short (20 secs) about AF\nJacob, content for Risk slides\nAly find us a room for 5:00-5:45 on Thursday",
        "ts": "1455071027.000003"
    },
    {
        "type": "message",
        "user": "U0K0Q03HP",
        "text": "Reminder that the deadline we set for these tasks is noon on Thursday. Except Aly's which isn't a required task just a luxury we wouldn't mind. :simple_smile:",
        "edited": {
            "user": "U0K0Q03HP",
            "ts": "1455080138.000000"
        },
        "ts": "1455080103.000004"
    }
]