[
    {
        "user": "U0KR98MLH",
        "type": "message",
        "subtype": "channel_join",
        "text": "<@U0KR98MLH|camillwi> has joined the channel",
        "ts": "1454121185.000002"
    },
    {
        "user": "U0K0Q03HP",
        "topic": "A place for the github integration to post our git commits, and for us to comment on them.",
        "type": "message",
        "subtype": "channel_topic",
        "text": "<@U0K0Q03HP|marc> set the channel topic: A place for the github integration to post our git commits, and for us to comment on them.",
        "ts": "1454124365.000005"
    }
]