[
    {
        "text": "",
        "bot_id": "B0K0X8SG2",
        "attachments": [
            {
                "fallback": "[cosmosys:master] <https:\/\/github.com\/logicseed\/cosmosys\/commit\/f1de159098ea2aa39d2d47b9016995426345649d|1 new commit> by logicseed",
                "text": "<https:\/\/github.com\/logicseed\/cosmosys\/commit\/f1de159098ea2aa39d2d47b9016995426345649d|f1de159>: Added Presentation Part 1 Baseline - logicseed",
                "pretext": "[cosmosys:master] 1 new commit by logicseed:",
                "id": 1,
                "color": "4183C4",
                "mrkdwn_in": [
                    "text",
                    "pretext"
                ]
            }
        ],
        "type": "message",
        "subtype": "bot_message",
        "ts": "1455287726.000002"
    }
]