[
    {
        "text": "",
        "bot_id": "B0K0X8SG2",
        "attachments": [
            {
                "fallback": "[cosmosys] New branch \"<https:\/\/github.com\/logicseed\/cosmosys\/tree\/master|master>\" was pushed by logicseed",
                "text": "[cosmosys] New branch \"<https:\/\/github.com\/logicseed\/cosmosys\/tree\/master|master>\" was pushed by logicseed",
                "id": 1,
                "color": "4183C4",
                "mrkdwn_in": [
                    "text",
                    "pretext"
                ]
            }
        ],
        "type": "message",
        "subtype": "bot_message",
        "ts": "1454860799.000002"
    },
    {
        "user": "U0K3ZFVBL",
        "inviter": "U0K0Q03HP",
        "type": "message",
        "subtype": "channel_join",
        "text": "<@U0K3ZFVBL|fan> has joined the channel",
        "ts": "1454861031.000003"
    },
    {
        "user": "U0K46FWHH",
        "inviter": "U0K0Q03HP",
        "type": "message",
        "subtype": "channel_join",
        "text": "<@U0K46FWHH|rodney> has joined the channel",
        "ts": "1454861031.000004"
    }
]