[
    {
        "id": "C0LFNMB1U",
        "name": "codingstandards",
        "created": "1454800098",
        "creator": "U0K0Q03HP",
        "is_archived": false,
        "is_general": false,
        "members": [
            "U0K0Q03HP",
            "U0K3ZFVBL",
            "U0K46FWHH",
            "U0K6VU7HC",
            "U0KF2HSHZ",
            "U0KR98MLH"
        ],
        "pins": [
            {
                "id": "F0LFKJUG3",
                "type": "F",
                "user": "U0K0Q03HP",
                "owner": "U0K0Q03HP",
                "created": "1454802894"
            },
            {
                "id": "F0LFKKLNR",
                "type": "F",
                "user": "U0K0Q03HP",
                "owner": "U0K0Q03HP",
                "created": "1454802870"
            }
        ],
        "topic": {
            "value": "",
            "creator": "",
            "last_set": "0"
        },
        "purpose": {
            "value": "Discussion and decisions regarding the coding standards and guidelines for this project.",
            "creator": "U0K0Q03HP",
            "last_set": "1454800099"
        }
    },
    {
        "id": "C0K0XC415",
        "name": "commits",
        "created": "1453344370",
        "creator": "U0K0Q03HP",
        "is_archived": false,
        "is_general": false,
        "members": [
            "U0K0Q03HP",
            "U0K3ZFVBL",
            "U0K46FWHH",
            "U0K6VU7HC",
            "U0KF2HSHZ",
            "U0KR98MLH"
        ],
        "topic": {
            "value": "A place for the github integration to post our git commits, and for us to comment on them.",
            "creator": "U0K0Q03HP",
            "last_set": "1454124365"
        },
        "purpose": {
            "value": "",
            "creator": "",
            "last_set": "0"
        }
    },
    {
        "id": "C0K0QCUA3",
        "name": "general",
        "created": "1453337090",
        "creator": "U0K0Q03HP",
        "is_archived": false,
        "is_general": true,
        "members": [
            "U0K0Q03HP",
            "U0K3ZFVBL",
            "U0K46FWHH",
            "U0K6VU7HC",
            "U0KF2HSHZ",
            "U0KR98MLH"
        ],
        "pins": [
            {
                "id": "F0KRT7FU4",
                "type": "F",
                "user": "U0K0Q03HP",
                "owner": "U0K0Q03HP",
                "created": "1454182185"
            },
            {
                "id": "F0KRZ9ZCH",
                "type": "F",
                "user": "U0K0Q03HP",
                "owner": "U0KF2HSHZ",
                "created": "1454182180"
            }
        ],
        "topic": {
            "value": "Team-wide announcements and project matters",
            "creator": "U0K0Q03HP",
            "last_set": "1453338256"
        },
        "purpose": {
            "value": "This channel is for team-wide communication and announcements. All team members are in this channel.",
            "creator": "",
            "last_set": "0"
        }
    },
    {
        "id": "C0K3Y74LW",
        "name": "lookandfeel",
        "created": "1453426334",
        "creator": "U0K0Q03HP",
        "is_archived": false,
        "is_general": false,
        "members": [
            "U0K0Q03HP",
            "U0K3ZFVBL",
            "U0K46FWHH",
            "U0K6VU7HC",
            "U0KF2HSHZ",
            "U0KR98MLH"
        ],
        "topic": {
            "value": "",
            "creator": "",
            "last_set": "0"
        },
        "purpose": {
            "value": "Discussion of the user interface, user experience, and branding.",
            "creator": "U0K0Q03HP",
            "last_set": "1453426334"
        }
    },
    {
        "id": "C0KS39KC6",
        "name": "meetings",
        "created": "1454179500",
        "creator": "U0K0Q03HP",
        "is_archived": false,
        "is_general": false,
        "members": [
            "U0K0Q03HP",
            "U0K3ZFVBL",
            "U0K46FWHH",
            "U0K6VU7HC",
            "U0KF2HSHZ",
            "U0KR98MLH"
        ],
        "pins": [
            {
                "id": "F0L53N7N1",
                "type": "F",
                "user": "U0K0Q03HP",
                "owner": "U0K0Q03HP",
                "created": "1454478174"
            }
        ],
        "topic": {
            "value": "",
            "creator": "",
            "last_set": "0"
        },
        "purpose": {
            "value": "Post notifications about upcoming meetings, and for discussing when such meeting might occur.",
            "creator": "U0K0Q03HP",
            "last_set": "1454179501"
        }
    },
    {
        "id": "C0K51B16Y",
        "name": "planning",
        "created": "1453472173",
        "creator": "U0K0Q03HP",
        "is_archived": false,
        "is_general": false,
        "members": [
            "U0K0Q03HP",
            "U0K3ZFVBL",
            "U0K46FWHH",
            "U0K6VU7HC",
            "U0KF2HSHZ",
            "U0KR98MLH"
        ],
        "pins": [
            {
                "id": "F0KNC8AUR",
                "type": "F",
                "user": "U0K0Q03HP",
                "owner": "U0K46FWHH",
                "created": "1454182148"
            },
            {
                "id": "F0LH4R20H",
                "type": "F",
                "user": "U0K0Q03HP",
                "owner": "U0K0Q03HP",
                "created": "1454908416"
            },
            {
                "id": "F0LH5BYCW",
                "type": "F",
                "user": "U0K0Q03HP",
                "owner": "U0K0Q03HP",
                "created": "1454907463"
            }
        ],
        "topic": {
            "value": "",
            "creator": "",
            "last_set": "0"
        },
        "purpose": {
            "value": "",
            "creator": "",
            "last_set": "0"
        }
    },
    {
        "id": "C0K0LAVUM",
        "name": "random",
        "created": "1453337090",
        "creator": "U0K0Q03HP",
        "is_archived": false,
        "is_general": false,
        "members": [
            "U0K0Q03HP",
            "U0K3ZFVBL",
            "U0K46FWHH",
            "U0K65T2TA",
            "U0K6VU7HC",
            "U0KF2HSHZ",
            "U0KR98MLH"
        ],
        "topic": {
            "value": "Non-work banter and water cooler conversation",
            "creator": "",
            "last_set": "0"
        },
        "purpose": {
            "value": "A place for non-work-related flimflam, faffing, hodge-podge or jibber-jabber you'd prefer to keep out of more focused work-related channels.",
            "creator": "",
            "last_set": "0"
        }
    },
    {
        "id": "C0KFCBHUL",
        "name": "slackstuff",
        "created": "1453859810",
        "creator": "U0K0Q03HP",
        "is_archived": false,
        "is_general": false,
        "members": [
            "U0K0Q03HP",
            "U0K3ZFVBL",
            "U0K46FWHH",
            "U0K6VU7HC",
            "U0KF2HSHZ"
        ],
        "topic": {
            "value": "",
            "creator": "",
            "last_set": "0"
        },
        "purpose": {
            "value": "Discussion regarding this communication platform.",
            "creator": "U0K0Q03HP",
            "last_set": "1453859810"
        }
    },
    {
        "id": "C0K2D5UJG",
        "name": "tools",
        "created": "1453394718",
        "creator": "U0K0Q03HP",
        "is_archived": false,
        "is_general": false,
        "members": [
            "U0K0Q03HP",
            "U0K3ZFVBL",
            "U0K46FWHH",
            "U0K6VU7HC",
            "U0KF2HSHZ",
            "U0KR98MLH"
        ],
        "topic": {
            "value": "",
            "creator": "",
            "last_set": "0"
        },
        "purpose": {
            "value": "Discussion regarding tools used during the development of the project.",
            "creator": "U0K0Q03HP",
            "last_set": "1453394719"
        }
    }
]