[
    {
        "user_id": "U0K0Q03HP",
        "user_name": "marc",
        "date": "1454095515",
        "change_type": "removed",
        "service_id": "19259687718",
        "service_type": "Bots",
        "scope": "bot"
    },
    {
        "user_id": "U0K0Q03HP",
        "user_name": "marc",
        "date": "1453860529",
        "change_type": "updated",
        "service_id": "19526451667",
        "service_type": "Google Calendar",
        "scope": "incoming-webhook",
        "channel": "C0K0QCUA3"
    },
    {
        "user_id": "U0K0Q03HP",
        "user_name": "marc",
        "date": "1453860449",
        "change_type": "removed",
        "service_id": "19529566038",
        "service_type": "Google Calendar",
        "scope": "incoming-webhook",
        "channel": "C0K0QCUA3"
    },
    {
        "user_id": "U0K0Q03HP",
        "user_name": "marc",
        "date": "1453860416",
        "change_type": "updated",
        "service_id": "19529566038",
        "service_type": "Google Calendar",
        "scope": "incoming-webhook",
        "channel": "C0K0QCUA3"
    },
    {
        "user_id": "U0K0Q03HP",
        "user_name": "marc",
        "date": "1453569046",
        "change_type": "removed",
        "app_type": "Beep Boop",
        "app_id": "A0ER4E9GU",
        "scope": "identify,users:read"
    },
    {
        "user_id": "U0K0Q03HP",
        "user_name": "marc",
        "date": "1453568982",
        "change_type": "added",
        "app_type": "Beep Boop",
        "app_id": "A0ER4E9GU",
        "scope": "identify,users:read"
    },
    {
        "user_id": "U0K0Q03HP",
        "user_name": "marc",
        "date": "1453568580",
        "change_type": "updated",
        "service_id": "19259687718",
        "service_type": "Bots",
        "scope": "bot"
    },
    {
        "user_id": "U0K0Q03HP",
        "user_name": "marc",
        "date": "1453568504",
        "change_type": "added",
        "service_id": "19259687718",
        "service_type": "Bots",
        "scope": "bot"
    },
    {
        "user_id": "U0K0Q03HP",
        "user_name": "marc",
        "date": "1453568293",
        "change_type": "updated",
        "service_id": "19031298546",
        "service_type": "GitHub",
        "scope": "incoming-webhook",
        "channel": "C0K0XC415"
    },
    {
        "user_id": "U0K0Q03HP",
        "user_name": "marc",
        "date": "1453527762",
        "change_type": "removed",
        "service_id": "19237295669",
        "service_type": "Bots",
        "scope": "bot"
    },
    {
        "user_id": "U0K0Q03HP",
        "user_name": "marc",
        "date": "1453527518",
        "change_type": "removed",
        "service_id": "19241713760",
        "service_type": "Lita",
        "scope": "bot"
    },
    {
        "user_id": "U0K0Q03HP",
        "user_name": "marc",
        "date": "1453527493",
        "change_type": "removed",
        "service_id": "19205399781",
        "service_type": "Hubot",
        "scope": "bot"
    },
    {
        "user_id": "U0K0Q03HP",
        "user_name": "marc",
        "date": "1453527402",
        "change_type": "added",
        "service_id": "19237295669",
        "service_type": "Bots",
        "scope": "bot"
    },
    {
        "user_id": "U0K0Q03HP",
        "user_name": "marc",
        "date": "1453527153",
        "change_type": "removed",
        "service_id": "19204716581",
        "service_type": "Screenhero",
        "scope": "commands"
    },
    {
        "user_id": "U0K0Q03HP",
        "user_name": "marc",
        "date": "1453527125",
        "change_type": "removed",
        "service_id": "19240917266",
        "service_type": "Lita",
        "scope": "bot"
    },
    {
        "user_id": "U0K0Q03HP",
        "user_name": "marc",
        "date": "1453527120",
        "change_type": "removed",
        "service_id": "19240917698",
        "service_type": "Lita",
        "scope": "bot"
    },
    {
        "user_id": "U0K0Q03HP",
        "user_name": "marc",
        "date": "1453527019",
        "change_type": "added",
        "service_id": "19241713760",
        "service_type": "Lita",
        "scope": "bot"
    },
    {
        "user_id": "U0K0Q03HP",
        "user_name": "marc",
        "date": "1453526997",
        "change_type": "added",
        "service_id": "19240917698",
        "service_type": "Lita",
        "scope": "bot"
    },
    {
        "user_id": "U0K0Q03HP",
        "user_name": "marc",
        "date": "1453526977",
        "change_type": "added",
        "service_id": "19240917266",
        "service_type": "Lita",
        "scope": "bot"
    },
    {
        "user_id": "U0K0Q03HP",
        "user_name": "marc",
        "date": "1453526875",
        "change_type": "removed",
        "service_id": "19234775716",
        "service_type": "Lita",
        "scope": "bot"
    },
    {
        "user_id": "U0K0Q03HP",
        "user_name": "marc",
        "date": "1453526755",
        "change_type": "added",
        "service_id": "19234775716",
        "service_type": "Lita",
        "scope": "bot"
    },
    {
        "user_id": "U0K0Q03HP",
        "user_name": "marc",
        "date": "1453525878",
        "change_type": "added",
        "app_type": "Lucidchart",
        "app_id": "A0G8S1LSC",
        "scope": "identify,commands,channels:read,users:read,chat:write:bot"
    },
    {
        "user_id": "U0K0Q03HP",
        "user_name": "marc",
        "date": "1453491018",
        "change_type": "updated",
        "service_id": "19205399781",
        "service_type": "Hubot",
        "scope": "bot"
    },
    {
        "user_id": "U0K0Q03HP",
        "user_name": "marc",
        "date": "1453490937",
        "change_type": "updated",
        "service_id": "19205399781",
        "service_type": "Hubot",
        "scope": "bot"
    },
    {
        "user_id": "U0K0Q03HP",
        "user_name": "marc",
        "date": "1453490888",
        "change_type": "added",
        "service_id": "19205399781",
        "service_type": "Hubot",
        "scope": "bot"
    },
    {
        "user_id": "U0K0Q03HP",
        "user_name": "marc",
        "date": "1453490435",
        "change_type": "added",
        "service_id": "19204716581",
        "service_type": "Screenhero",
        "scope": "commands"
    },
    {
        "user_id": "U0K0Q03HP",
        "user_name": "marc",
        "date": "1453344373",
        "change_type": "added",
        "service_id": "19031298546",
        "service_type": "GitHub",
        "scope": "incoming-webhook",
        "channel": "C0K0XC415"
    },
    {
        "user_id": "U0K0Q03HP",
        "user_name": "marc",
        "date": "1453337404",
        "change_type": "updated",
        "service_id": "19025361040",
        "service_type": "Google+ Hangouts",
        "scope": "commands"
    },
    {
        "user_id": "U0K0Q03HP",
        "user_name": "marc",
        "date": "1453337395",
        "change_type": "added",
        "service_id": "19025361040",
        "service_type": "Google+ Hangouts",
        "scope": "commands"
    },
    {
        "user_id": 0,
        "user_name": "slack",
        "date": "1453337090",
        "change_type": "added",
        "service_id": "19018060340",
        "service_type": "Google Drive",
        "scope": "files:write:user"
    }
]