[
    {
        "id": "U0K6VU7HC",
        "team_id": "T0K0Q9FS6",
        "name": "aly",
        "deleted": false,
        "status": null,
        "color": "674b1b",
        "real_name": "Aly Lakhani",
        "tz": "America\/Indiana\/Indianapolis",
        "tz_label": "Eastern Standard Time",
        "tz_offset": -18000,
        "profile": {
            "first_name": "Aly",
            "last_name": "Lakhani",
            "avatar_hash": "g048eda0d83e",
            "real_name": "Aly Lakhani",
            "real_name_normalized": "Aly Lakhani",
            "email": "amlakhan@umich.edu",
            "image_24": "https:\/\/secure.gravatar.com\/avatar\/048eda0d83efc09de55009e670f4c588.jpg?s=24&d=https%3A%2F%2Fslack.global.ssl.fastly.net%2F66f9%2Fimg%2Favatars%2Fava_0010-24.png",
            "image_32": "https:\/\/secure.gravatar.com\/avatar\/048eda0d83efc09de55009e670f4c588.jpg?s=32&d=https%3A%2F%2Fslack.global.ssl.fastly.net%2F66f9%2Fimg%2Favatars%2Fava_0010-32.png",
            "image_48": "https:\/\/secure.gravatar.com\/avatar\/048eda0d83efc09de55009e670f4c588.jpg?s=48&d=https%3A%2F%2Fslack.global.ssl.fastly.net%2F66f9%2Fimg%2Favatars%2Fava_0010-48.png",
            "image_72": "https:\/\/secure.gravatar.com\/avatar\/048eda0d83efc09de55009e670f4c588.jpg?s=72&d=https%3A%2F%2Fslack.global.ssl.fastly.net%2F66f9%2Fimg%2Favatars%2Fava_0010-72.png",
            "image_192": "https:\/\/secure.gravatar.com\/avatar\/048eda0d83efc09de55009e670f4c588.jpg?s=192&d=https%3A%2F%2Fslack.global.ssl.fastly.net%2F7fa9%2Fimg%2Favatars%2Fava_0010-192.png",
            "image_512": "https:\/\/secure.gravatar.com\/avatar\/048eda0d83efc09de55009e670f4c588.jpg?s=512&d=https%3A%2F%2Fslack.global.ssl.fastly.net%2F7fa9%2Fimg%2Favatars%2Fava_0010-512.png",
            "fields": null
        },
        "is_admin": true,
        "is_owner": false,
        "is_primary_owner": false,
        "is_restricted": false,
        "is_ultra_restricted": false,
        "is_bot": false
    },
    {
        "id": "U0K65T2TA",
        "team_id": "T0K0Q9FS6",
        "name": "bob",
        "deleted": true,
        "profile": {
            "bot_id": "B0K61BRNZ",
            "api_app_id": "",
            "avatar_hash": "f8ffe4646763",
            "image_24": "https:\/\/avatars.slack-edge.com\/2016-01-22\/19209922352_f8ffe46467635c4d54b5_24.png",
            "image_32": "https:\/\/avatars.slack-edge.com\/2016-01-22\/19209922352_f8ffe46467635c4d54b5_32.png",
            "image_48": "https:\/\/avatars.slack-edge.com\/2016-01-22\/19209922352_f8ffe46467635c4d54b5_48.png",
            "image_72": "https:\/\/avatars.slack-edge.com\/2016-01-22\/19209922352_f8ffe46467635c4d54b5_72.png",
            "image_192": "https:\/\/avatars.slack-edge.com\/2016-01-22\/19209922352_f8ffe46467635c4d54b5_192.png",
            "image_512": "https:\/\/avatars.slack-edge.com\/2016-01-22\/19209922352_f8ffe46467635c4d54b5_512.png",
            "image_1024": "https:\/\/avatars.slack-edge.com\/2016-01-22\/19209922352_f8ffe46467635c4d54b5_512.png",
            "image_original": "https:\/\/avatars.slack-edge.com\/2016-01-22\/19209922352_f8ffe46467635c4d54b5_original.png",
            "real_name": "",
            "real_name_normalized": "",
            "fields": null
        },
        "is_bot": true
    },
    {
        "id": "U0K72GKED",
        "team_id": "T0K0Q9FS6",
        "name": "bonnie",
        "deleted": true,
        "profile": {
            "bot_id": "B0K72SZLJ",
            "api_app_id": "",
            "avatar_hash": "gaa1517142d3",
            "real_name": "",
            "real_name_normalized": "",
            "image_24": "https:\/\/secure.gravatar.com\/avatar\/aa1517142d3b51673caac306484b53bc.jpg?s=24&d=https%3A%2F%2Fslack.global.ssl.fastly.net%2F66f9%2Fimg%2Favatars%2Fava_0026-24.png",
            "image_32": "https:\/\/secure.gravatar.com\/avatar\/aa1517142d3b51673caac306484b53bc.jpg?s=32&d=https%3A%2F%2Fslack.global.ssl.fastly.net%2F0180%2Fimg%2Favatars%2Fava_0026-32.png",
            "image_48": "https:\/\/secure.gravatar.com\/avatar\/aa1517142d3b51673caac306484b53bc.jpg?s=48&d=https%3A%2F%2Fslack.global.ssl.fastly.net%2F272a%2Fimg%2Favatars%2Fava_0026-48.png",
            "image_72": "https:\/\/secure.gravatar.com\/avatar\/aa1517142d3b51673caac306484b53bc.jpg?s=72&d=https%3A%2F%2Fslack.global.ssl.fastly.net%2F66f9%2Fimg%2Favatars%2Fava_0026-72.png",
            "image_192": "https:\/\/secure.gravatar.com\/avatar\/aa1517142d3b51673caac306484b53bc.jpg?s=192&d=https%3A%2F%2Fslack.global.ssl.fastly.net%2F7fa9%2Fimg%2Favatars%2Fava_0026-192.png",
            "image_512": "https:\/\/secure.gravatar.com\/avatar\/aa1517142d3b51673caac306484b53bc.jpg?s=512&d=https%3A%2F%2Fslack.global.ssl.fastly.net%2F7fa9%2Fimg%2Favatars%2Fava_0026-512.png",
            "fields": null
        },
        "is_bot": true
    },
    {
        "id": "U0KR98MLH",
        "team_id": "T0K0Q9FS6",
        "name": "camillwi",
        "deleted": false,
        "status": null,
        "color": "4cc091",
        "real_name": "Camille Williams",
        "tz": "America\/Indiana\/Indianapolis",
        "tz_label": "Eastern Standard Time",
        "tz_offset": -18000,
        "profile": {
            "first_name": "Camille",
            "last_name": "Williams",
            "avatar_hash": "ga8446ecaabb",
            "real_name": "Camille Williams",
            "real_name_normalized": "Camille Williams",
            "email": "camillwi@umich.edu",
            "image_24": "https:\/\/secure.gravatar.com\/avatar\/a8446ecaabbd36849ae07efdf8095d99.jpg?s=24&d=https%3A%2F%2Fslack.global.ssl.fastly.net%2F66f9%2Fimg%2Favatars%2Fava_0018-24.png",
            "image_32": "https:\/\/secure.gravatar.com\/avatar\/a8446ecaabbd36849ae07efdf8095d99.jpg?s=32&d=https%3A%2F%2Fslack.global.ssl.fastly.net%2F66f9%2Fimg%2Favatars%2Fava_0018-32.png",
            "image_48": "https:\/\/secure.gravatar.com\/avatar\/a8446ecaabbd36849ae07efdf8095d99.jpg?s=48&d=https%3A%2F%2Fslack.global.ssl.fastly.net%2F66f9%2Fimg%2Favatars%2Fava_0018-48.png",
            "image_72": "https:\/\/secure.gravatar.com\/avatar\/a8446ecaabbd36849ae07efdf8095d99.jpg?s=72&d=https%3A%2F%2Fslack.global.ssl.fastly.net%2F3654%2Fimg%2Favatars%2Fava_0018-72.png",
            "image_192": "https:\/\/secure.gravatar.com\/avatar\/a8446ecaabbd36849ae07efdf8095d99.jpg?s=192&d=https%3A%2F%2Fslack.global.ssl.fastly.net%2F7fa9%2Fimg%2Favatars%2Fava_0018-192.png",
            "image_512": "https:\/\/secure.gravatar.com\/avatar\/a8446ecaabbd36849ae07efdf8095d99.jpg?s=512&d=https%3A%2F%2Fslack.global.ssl.fastly.net%2F7fa9%2Fimg%2Favatars%2Fava_0018-512.png",
            "fields": null
        },
        "is_admin": false,
        "is_owner": false,
        "is_primary_owner": false,
        "is_restricted": false,
        "is_ultra_restricted": false,
        "is_bot": false
    },
    {
        "id": "U0K3ZFVBL",
        "team_id": "T0K0Q9FS6",
        "name": "fan",
        "deleted": false,
        "status": null,
        "color": "4bbe2e",
        "real_name": "Fan Zhang",
        "tz": "America\/Indiana\/Indianapolis",
        "tz_label": "Eastern Standard Time",
        "tz_offset": -18000,
        "profile": {
            "first_name": "Fan",
            "last_name": "Zhang",
            "avatar_hash": "ge61d883b70a",
            "fields": {
                "Xf0K0R1FFS": {
                    "value": "htt0316",
                    "alt": ""
                }
            },
            "title": "Database UI design Document",
            "phone": "917-573-8550",
            "skype": "htt0316",
            "real_name": "Fan Zhang",
            "real_name_normalized": "Fan Zhang",
            "email": "fzfan@umich.edu",
            "image_24": "https:\/\/secure.gravatar.com\/avatar\/e61d883b70ad8e7f33847456ae58ccc2.jpg?s=24&d=https%3A%2F%2Fslack.global.ssl.fastly.net%2F66f9%2Fimg%2Favatars%2Fava_0015-24.png",
            "image_32": "https:\/\/secure.gravatar.com\/avatar\/e61d883b70ad8e7f33847456ae58ccc2.jpg?s=32&d=https%3A%2F%2Fslack.global.ssl.fastly.net%2F66f9%2Fimg%2Favatars%2Fava_0015-32.png",
            "image_48": "https:\/\/secure.gravatar.com\/avatar\/e61d883b70ad8e7f33847456ae58ccc2.jpg?s=48&d=https%3A%2F%2Fslack.global.ssl.fastly.net%2F66f9%2Fimg%2Favatars%2Fava_0015-48.png",
            "image_72": "https:\/\/secure.gravatar.com\/avatar\/e61d883b70ad8e7f33847456ae58ccc2.jpg?s=72&d=https%3A%2F%2Fslack.global.ssl.fastly.net%2F66f9%2Fimg%2Favatars%2Fava_0015-72.png",
            "image_192": "https:\/\/secure.gravatar.com\/avatar\/e61d883b70ad8e7f33847456ae58ccc2.jpg?s=192&d=https%3A%2F%2Fslack.global.ssl.fastly.net%2F7fa9%2Fimg%2Favatars%2Fava_0015-192.png",
            "image_512": "https:\/\/secure.gravatar.com\/avatar\/e61d883b70ad8e7f33847456ae58ccc2.jpg?s=512&d=https%3A%2F%2Fslack.global.ssl.fastly.net%2F7fa9%2Fimg%2Favatars%2Fava_0015-512.png"
        },
        "is_admin": true,
        "is_owner": false,
        "is_primary_owner": false,
        "is_restricted": false,
        "is_ultra_restricted": false,
        "is_bot": false
    },
    {
        "id": "U0K72L9FT",
        "team_id": "T0K0Q9FS6",
        "name": "glitch",
        "deleted": true,
        "profile": {
            "bot_id": "B0K6Z8PKP",
            "api_app_id": "",
            "avatar_hash": "518f18c33f05",
            "image_24": "https:\/\/avatars.slack-edge.com\/2016-01-23\/19238230323_518f18c33f05325f6a88_24.png",
            "image_32": "https:\/\/avatars.slack-edge.com\/2016-01-23\/19238230323_518f18c33f05325f6a88_32.png",
            "image_48": "https:\/\/avatars.slack-edge.com\/2016-01-23\/19238230323_518f18c33f05325f6a88_48.png",
            "image_72": "https:\/\/avatars.slack-edge.com\/2016-01-23\/19238230323_518f18c33f05325f6a88_72.png",
            "image_192": "https:\/\/avatars.slack-edge.com\/2016-01-23\/19238230323_518f18c33f05325f6a88_192.png",
            "image_512": "https:\/\/avatars.slack-edge.com\/2016-01-23\/19238230323_518f18c33f05325f6a88_512.png",
            "image_1024": "https:\/\/avatars.slack-edge.com\/2016-01-23\/19238230323_518f18c33f05325f6a88_512.png",
            "image_original": "https:\/\/avatars.slack-edge.com\/2016-01-23\/19238230323_518f18c33f05325f6a88_original.png",
            "real_name": "",
            "real_name_normalized": "",
            "fields": null
        },
        "is_bot": true
    },
    {
        "id": "U0KF2HSHZ",
        "team_id": "T0K0Q9FS6",
        "name": "jacob",
        "deleted": false,
        "status": null,
        "color": "df3dc0",
        "real_name": "Jacob Vacheresse",
        "tz": "America\/Indiana\/Indianapolis",
        "tz_label": "Eastern Standard Time",
        "tz_offset": -18000,
        "profile": {
            "first_name": "Jacob",
            "last_name": "Vacheresse",
            "avatar_hash": "g013663a099d",
            "fields": {
                "Xf0K0R1FFS": {
                    "value": "jacobvach",
                    "alt": ""
                }
            },
            "title": "",
            "phone": "(313) 655-7833",
            "skype": "jacobvach",
            "real_name": "Jacob Vacheresse",
            "real_name_normalized": "Jacob Vacheresse",
            "email": "jvachere@umich.edu",
            "image_24": "https:\/\/secure.gravatar.com\/avatar\/013663a099d3f650f9172cf663bf8dcc.jpg?s=24&d=https%3A%2F%2Fslack.global.ssl.fastly.net%2F66f9%2Fimg%2Favatars%2Fava_0000-24.png",
            "image_32": "https:\/\/secure.gravatar.com\/avatar\/013663a099d3f650f9172cf663bf8dcc.jpg?s=32&d=https%3A%2F%2Fslack.global.ssl.fastly.net%2F66f9%2Fimg%2Favatars%2Fava_0000-32.png",
            "image_48": "https:\/\/secure.gravatar.com\/avatar\/013663a099d3f650f9172cf663bf8dcc.jpg?s=48&d=https%3A%2F%2Fslack.global.ssl.fastly.net%2F66f9%2Fimg%2Favatars%2Fava_0000-48.png",
            "image_72": "https:\/\/secure.gravatar.com\/avatar\/013663a099d3f650f9172cf663bf8dcc.jpg?s=72&d=https%3A%2F%2Fslack.global.ssl.fastly.net%2F66f9%2Fimg%2Favatars%2Fava_0000-72.png",
            "image_192": "https:\/\/secure.gravatar.com\/avatar\/013663a099d3f650f9172cf663bf8dcc.jpg?s=192&d=https%3A%2F%2Fslack.global.ssl.fastly.net%2F7fa9%2Fimg%2Favatars%2Fava_0000-192.png",
            "image_512": "https:\/\/secure.gravatar.com\/avatar\/013663a099d3f650f9172cf663bf8dcc.jpg?s=512&d=https%3A%2F%2Fslack.global.ssl.fastly.net%2F7fa9%2Fimg%2Favatars%2Fava_0000-512.png"
        },
        "is_admin": true,
        "is_owner": false,
        "is_primary_owner": false,
        "is_restricted": false,
        "is_ultra_restricted": false,
        "is_bot": false
    },
    {
        "id": "U0K0Q03HP",
        "team_id": "T0K0Q9FS6",
        "name": "marc",
        "deleted": false,
        "status": null,
        "color": "9f69e7",
        "real_name": "Marc King",
        "tz": "America\/Indiana\/Indianapolis",
        "tz_label": "Eastern Standard Time",
        "tz_offset": -18000,
        "profile": {
            "avatar_hash": "37c6cb07fe6e",
            "fields": [

            ],
            "first_name": "Marc",
            "last_name": "King",
            "title": "Design | Code | Media",
            "phone": "248-238-4542",
            "skype": "",
            "image_24": "https:\/\/avatars.slack-edge.com\/2016-01-20\/19036444358_37c6cb07fe6e6eaa69d3_24.jpg",
            "image_32": "https:\/\/avatars.slack-edge.com\/2016-01-20\/19036444358_37c6cb07fe6e6eaa69d3_32.jpg",
            "image_48": "https:\/\/avatars.slack-edge.com\/2016-01-20\/19036444358_37c6cb07fe6e6eaa69d3_48.jpg",
            "image_72": "https:\/\/avatars.slack-edge.com\/2016-01-20\/19036444358_37c6cb07fe6e6eaa69d3_72.jpg",
            "image_192": "https:\/\/avatars.slack-edge.com\/2016-01-20\/19036444358_37c6cb07fe6e6eaa69d3_192.jpg",
            "image_512": "https:\/\/avatars.slack-edge.com\/2016-01-20\/19036444358_37c6cb07fe6e6eaa69d3_512.jpg",
            "image_1024": "https:\/\/avatars.slack-edge.com\/2016-01-20\/19036444358_37c6cb07fe6e6eaa69d3_512.jpg",
            "image_original": "https:\/\/avatars.slack-edge.com\/2016-01-20\/19036444358_37c6cb07fe6e6eaa69d3_original.jpg",
            "real_name": "Marc King",
            "real_name_normalized": "Marc King",
            "email": "mjking@umich.edu"
        },
        "is_admin": true,
        "is_owner": true,
        "is_primary_owner": true,
        "is_restricted": false,
        "is_ultra_restricted": false,
        "is_bot": false
    },
    {
        "id": "U0K7ML7ML",
        "team_id": "T0K0Q9FS6",
        "name": "notes",
        "deleted": true,
        "profile": {
            "bot_id": "B0K7ML7M4",
            "api_app_id": "",
            "avatar_hash": "a166b6805c70",
            "image_24": "https:\/\/avatars.slack-edge.com\/2016-01-23\/19253217092_a166b6805c7053ab0798_24.png",
            "image_32": "https:\/\/avatars.slack-edge.com\/2016-01-23\/19253217092_a166b6805c7053ab0798_32.png",
            "image_48": "https:\/\/avatars.slack-edge.com\/2016-01-23\/19253217092_a166b6805c7053ab0798_48.png",
            "image_72": "https:\/\/avatars.slack-edge.com\/2016-01-23\/19253217092_a166b6805c7053ab0798_72.png",
            "image_192": "https:\/\/avatars.slack-edge.com\/2016-01-23\/19253217092_a166b6805c7053ab0798_192.png",
            "image_512": "https:\/\/avatars.slack-edge.com\/2016-01-23\/19253217092_a166b6805c7053ab0798_512.png",
            "image_1024": "https:\/\/avatars.slack-edge.com\/2016-01-23\/19253217092_a166b6805c7053ab0798_512.png",
            "image_original": "https:\/\/avatars.slack-edge.com\/2016-01-23\/19253217092_a166b6805c7053ab0798_original.png",
            "title": "This is an empty bot user that you could use direct messaging with to keep a list of random notes that are private to you but will show up in your search results.",
            "real_name": "",
            "real_name_normalized": "",
            "fields": null
        },
        "is_bot": true
    },
    {
        "id": "U0K72H6AV",
        "team_id": "T0K0Q9FS6",
        "name": "otto",
        "deleted": true,
        "profile": {
            "bot_id": "B0K73LZNC",
            "api_app_id": "",
            "avatar_hash": "33035a989226",
            "image_24": "https:\/\/avatars.slack-edge.com\/2016-01-23\/19241330102_33035a989226cb397c96_24.png",
            "image_32": "https:\/\/avatars.slack-edge.com\/2016-01-23\/19241330102_33035a989226cb397c96_32.png",
            "image_48": "https:\/\/avatars.slack-edge.com\/2016-01-23\/19241330102_33035a989226cb397c96_48.png",
            "image_72": "https:\/\/avatars.slack-edge.com\/2016-01-23\/19241330102_33035a989226cb397c96_72.png",
            "image_192": "https:\/\/avatars.slack-edge.com\/2016-01-23\/19241330102_33035a989226cb397c96_192.png",
            "image_512": "https:\/\/avatars.slack-edge.com\/2016-01-23\/19241330102_33035a989226cb397c96_512.png",
            "image_1024": "https:\/\/avatars.slack-edge.com\/2016-01-23\/19241330102_33035a989226cb397c96_512.png",
            "image_original": "https:\/\/avatars.slack-edge.com\/2016-01-23\/19241330102_33035a989226cb397c96_original.png",
            "real_name": "",
            "real_name_normalized": "",
            "fields": null
        },
        "is_bot": true
    },
    {
        "id": "U0K73LBR6",
        "team_id": "T0K0Q9FS6",
        "name": "rita",
        "deleted": true,
        "profile": {
            "bot_id": "B0K72SZ7U",
            "api_app_id": "",
            "avatar_hash": "g638138168a7",
            "real_name": "",
            "real_name_normalized": "",
            "image_24": "https:\/\/secure.gravatar.com\/avatar\/638138168a71e2a54f9f1ad262e03eac.jpg?s=24&d=https%3A%2F%2Fslack.global.ssl.fastly.net%2F66f9%2Fimg%2Favatars%2Fava_0008-24.png",
            "image_32": "https:\/\/secure.gravatar.com\/avatar\/638138168a71e2a54f9f1ad262e03eac.jpg?s=32&d=https%3A%2F%2Fslack.global.ssl.fastly.net%2F66f9%2Fimg%2Favatars%2Fava_0008-32.png",
            "image_48": "https:\/\/secure.gravatar.com\/avatar\/638138168a71e2a54f9f1ad262e03eac.jpg?s=48&d=https%3A%2F%2Fslack.global.ssl.fastly.net%2F66f9%2Fimg%2Favatars%2Fava_0008-48.png",
            "image_72": "https:\/\/secure.gravatar.com\/avatar\/638138168a71e2a54f9f1ad262e03eac.jpg?s=72&d=https%3A%2F%2Fslack.global.ssl.fastly.net%2F66f9%2Fimg%2Favatars%2Fava_0008-72.png",
            "image_192": "https:\/\/secure.gravatar.com\/avatar\/638138168a71e2a54f9f1ad262e03eac.jpg?s=192&d=https%3A%2F%2Fslack.global.ssl.fastly.net%2F7fa9%2Fimg%2Favatars%2Fava_0008-192.png",
            "image_512": "https:\/\/secure.gravatar.com\/avatar\/638138168a71e2a54f9f1ad262e03eac.jpg?s=512&d=https%3A%2F%2Fslack.global.ssl.fastly.net%2F7fa9%2Fimg%2Favatars%2Fava_0008-512.png",
            "fields": null
        },
        "is_bot": true
    },
    {
        "id": "U0K46FWHH",
        "team_id": "T0K0Q9FS6",
        "name": "rodney",
        "deleted": false,
        "status": null,
        "color": "e7392d",
        "real_name": "Rodney Lewis",
        "tz": "America\/Indiana\/Indianapolis",
        "tz_label": "Eastern Standard Time",
        "tz_offset": -18000,
        "profile": {
            "first_name": "Rodney",
            "last_name": "Lewis",
            "avatar_hash": "gc9eb3c99a89",
            "fields": [

            ],
            "title": "",
            "phone": "(313)-903-1010",
            "skype": "",
            "real_name": "Rodney Lewis",
            "real_name_normalized": "Rodney Lewis",
            "email": "rodneyll@umich.edu",
            "image_24": "https:\/\/secure.gravatar.com\/avatar\/c9eb3c99a893ede094a21ff4257d1746.jpg?s=24&d=https%3A%2F%2Fslack.global.ssl.fastly.net%2F66f9%2Fimg%2Favatars%2Fava_0001-24.png",
            "image_32": "https:\/\/secure.gravatar.com\/avatar\/c9eb3c99a893ede094a21ff4257d1746.jpg?s=32&d=https%3A%2F%2Fslack.global.ssl.fastly.net%2F66f9%2Fimg%2Favatars%2Fava_0001-32.png",
            "image_48": "https:\/\/secure.gravatar.com\/avatar\/c9eb3c99a893ede094a21ff4257d1746.jpg?s=48&d=https%3A%2F%2Fslack.global.ssl.fastly.net%2F0180%2Fimg%2Favatars%2Fava_0001-48.png",
            "image_72": "https:\/\/secure.gravatar.com\/avatar\/c9eb3c99a893ede094a21ff4257d1746.jpg?s=72&d=https%3A%2F%2Fslack.global.ssl.fastly.net%2F3654%2Fimg%2Favatars%2Fava_0001-72.png",
            "image_192": "https:\/\/secure.gravatar.com\/avatar\/c9eb3c99a893ede094a21ff4257d1746.jpg?s=192&d=https%3A%2F%2Fslack.global.ssl.fastly.net%2F7fa9%2Fimg%2Favatars%2Fava_0001-192.png",
            "image_512": "https:\/\/secure.gravatar.com\/avatar\/c9eb3c99a893ede094a21ff4257d1746.jpg?s=512&d=https%3A%2F%2Fslack.global.ssl.fastly.net%2F7fa9%2Fimg%2Favatars%2Fava_0001-512.png"
        },
        "is_admin": true,
        "is_owner": false,
        "is_primary_owner": false,
        "is_restricted": false,
        "is_ultra_restricted": false,
        "is_bot": false
    },
    {
        "id": "U0K6Z2YF7",
        "team_id": "T0K0Q9FS6",
        "name": "rya",
        "deleted": true,
        "profile": {
            "bot_id": "B0K6WNTM2",
            "api_app_id": "",
            "avatar_hash": "gaa06fa2d8cb",
            "real_name": "",
            "real_name_normalized": "",
            "image_24": "https:\/\/secure.gravatar.com\/avatar\/aa06fa2d8cb8701bc40e2809b1e03afb.jpg?s=24&d=https%3A%2F%2Fslack.global.ssl.fastly.net%2F66f9%2Fimg%2Favatars%2Fava_0023-24.png",
            "image_32": "https:\/\/secure.gravatar.com\/avatar\/aa06fa2d8cb8701bc40e2809b1e03afb.jpg?s=32&d=https%3A%2F%2Fslack.global.ssl.fastly.net%2F66f9%2Fimg%2Favatars%2Fava_0023-32.png",
            "image_48": "https:\/\/secure.gravatar.com\/avatar\/aa06fa2d8cb8701bc40e2809b1e03afb.jpg?s=48&d=https%3A%2F%2Fslack.global.ssl.fastly.net%2F66f9%2Fimg%2Favatars%2Fava_0023-48.png",
            "image_72": "https:\/\/secure.gravatar.com\/avatar\/aa06fa2d8cb8701bc40e2809b1e03afb.jpg?s=72&d=https%3A%2F%2Fslack.global.ssl.fastly.net%2F3654%2Fimg%2Favatars%2Fava_0023-72.png",
            "image_192": "https:\/\/secure.gravatar.com\/avatar\/aa06fa2d8cb8701bc40e2809b1e03afb.jpg?s=192&d=https%3A%2F%2Fslack.global.ssl.fastly.net%2F7fa9%2Fimg%2Favatars%2Fava_0023-192.png",
            "image_512": "https:\/\/secure.gravatar.com\/avatar\/aa06fa2d8cb8701bc40e2809b1e03afb.jpg?s=512&d=https%3A%2F%2Fslack.global.ssl.fastly.net%2F7fa9%2Fimg%2Favatars%2Fava_0023-512.png",
            "fields": null
        },
        "is_bot": true
    }
]